car_name,brand,model,year,selling_price_lakh,km_driven,fuel,seller_type,transmission,owner,mileage_kmpl,engine_cc,max_power_bhp,seats
Volkswagen Taigun,Volkswagen,Taigun,2014,2.91,130424,Petrol,Individual,Automatic,First Owner,16.4,1153.0,68.7,7
Tata Altroz,Tata,Altroz,2012,2.36,132785,Diesel,Dealer,Automatic,First Owner,16.5,930.0,72.6,5
Renault Duster,Renault,Duster,2020,4.2,49697,Petrol,Individual,Automatic,Second Owner,20.0,,57.4,5
Ford EcoSport,Ford,EcoSport,2020,5.13,84710,Diesel,Dealer,Automatic,First Owner,17.7,1317.0,,5
Maruti Swift,Maruti,Swift,2022,4.49,47287,Petrol,Trustmark Dealer,Manual,First Owner,15.4,1051.0,77.0,5
Mahindra Bolero,Mahindra,Bolero,2024,7.71,20343,Petrol,Trustmark Dealer,Manual,First Owner,19.1,800.0,51.7,5
Volkswagen Virtus,Volkswagen,Virtus,2018,3.78,100511,CNG,Individual,Manual,First Owner,13.2,2091.0,132.6,5
Volkswagen Taigun,Volkswagen,Taigun,2022,6.13,82233,Petrol,Dealer,Automatic,Second Owner,17.7,1187.0,73.8,5
Maruti Swift,Maruti,Swift,2021,5.41,89587,Diesel,Individual,Automatic,First Owner,19.8,821.0,65.8,5
Tata Harrier,Tata,Harrier,2015,2.04,129477,Petrol,Dealer,Automatic,First Owner,22.0,966.0,69.6,7
Tata Nexon,Tata,Nexon,2022,5.08,28983,Diesel,Individual,Automatic,Second Owner,23.0,1139.0,56.9,5
Kia Sonet,Kia,Sonet,2012,4.42,106557,Diesel,Dealer,Automatic,First Owner,18.0,1139.0,80.7,7
Toyota Fortuner,Toyota,Fortuner,2019,5.88,134417,Petrol,Individual,Manual,Second Owner,13.2,1656.0,103.8,5
Renault Kwid,Renault,Kwid,2024,6.74,35461,Petrol,Individual,Automatic,Third Owner,18.0,1172.0,90.8,5
Tata Harrier,Tata,Harrier,2020,3.55,97938,Petrol,Individual,Manual,First Owner,15.1,1849.0,119.9,5
Hyundai i20,Hyundai,i20,2024,8.01,43387,Electric,Individual,Manual,Third Owner,,1049.0,78.7,5
Honda Amaze,Honda,Amaze,2012,2.69,138252,Petrol,Individual,Manual,First Owner,18.7,1349.0,83.5,5
Maruti Baleno,Maruti,Baleno,2018,2.43,83568,Petrol,Dealer,Manual,First Owner,20.8,1558.0,94.4,5
Renault Triber,Renault,Triber,2022,4.84,83853,Diesel,Dealer,Manual,First Owner,12.6,1618.0,103.8,5
Toyota Innova,Toyota,Innova,2020,6.46,87509,Petrol,Dealer,Manual,First Owner,14.8,1659.0,103.4,5
Volkswagen Vento,Volkswagen,Vento,2023,6.5,55137,Petrol,Dealer,Manual,First Owner,21.9,1105.0,86.5,5
Hyundai Grand i10,Hyundai,Grand i10,2018,4.17,74396,Petrol,Individual,Automatic,First Owner,17.3,1198.0,79.7,5
Mahindra Scorpio,Mahindra,Scorpio,2020,4.3,90391,Petrol,Individual,Manual,First Owner,22.1,800.0,49.2,5
Kia EV6,Kia,EV6,2017,3.65,77320,Diesel,Individual,Manual,First Owner,,1131.0,70.6,5
Volkswagen Vento,Volkswagen,Vento,2023,6.82,74404,CNG,Individual,Manual,First Owner,18.7,1582.0,109.7,7
Maruti Dzire,Maruti,Dzire,2013,1.51,187782,CNG,Dealer,Manual,First Owner,,1514.0,96.9,5
Tata Nexon,Tata,Nexon,2015,2.24,146703,CNG,Dealer,Manual,First Owner,19.2,1170.0,77.6,5
Maruti Dzire,Maruti,Dzire,2013,1.88,145803,Petrol,Dealer,Manual,First Owner,11.5,1795.0,122.2,7
Maruti Baleno,Maruti,Baleno,2021,3.93,76116,Petrol,Dealer,Automatic,Second Owner,17.7,1066.0,66.3,5
Ford Aspire,Ford,Aspire,2015,2.91,74347,Diesel,Individual,Manual,First Owner,24.1,949.0,49.3,7
Volkswagen Taigun,Volkswagen,Taigun,2016,3.61,81409,Electric,Dealer,Automatic,Second Owner,16.4,1036.0,65.2,5
Mahindra XUV500,Mahindra,XUV500,2022,6.32,99721,Diesel,Individual,Manual,First Owner,21.5,807.0,61.3,5
Hyundai i20,Hyundai,i20,2016,2.42,93125,Petrol,Dealer,Automatic,First Owner,12.1,1418.0,91.0,7
Tata Harrier,Tata,Harrier,2013,2.7,114616,Diesel,Individual,Automatic,Third Owner,15.1,,74.1,5
Tata Harrier,Tata,Harrier,2012,2.1,132855,Diesel,Individual,Manual,First Owner,18.9,1413.0,100.8,5
Maruti Dzire,Maruti,Dzire,2014,1.91,100134,CNG,Individual,Manual,First Owner,19.2,1055.0,74.3,5
Maruti Baleno,Maruti,Baleno,2023,5.08,38011,Diesel,Individual,Manual,First Owner,17.7,1180.0,83.0,5
Tata Harrier,Tata,Harrier,2019,3.81,89889,Petrol,Individual,Manual,First Owner,18.9,800.0,62.4,7
Hyundai i20,Hyundai,i20,2024,6.84,38886,Petrol,Individual,Manual,First Owner,13.6,1332.0,77.9,5
Ford Figo,Ford,Figo,2014,2.15,107197,Petrol,Individual,Manual,First Owner,19.5,1235.0,85.3,5
Tata Altroz,Tata,Altroz,2016,2.8,93313,Petrol,Trustmark Dealer,Automatic,First Owner,19.9,815.0,67.1,5
Renault Kwid,Renault,Kwid,2014,2.34,134991,CNG,Individual,Automatic,Second Owner,15.5,,88.1,5
Ford Aspire,Ford,Aspire,2017,2.74,98893,Petrol,Individual,Manual,First Owner,18.9,1110.0,81.8,5
Hyundai Verna,Hyundai,Verna,2019,4.45,87071,Petrol,Dealer,Manual,First Owner,16.1,1818.0,119.1,5
Renault Kwid,Renault,Kwid,2022,4.9,84632,Petrol,Individual,Manual,Second Owner,20.0,829.0,46.7,5
Volkswagen Virtus,Volkswagen,Virtus,2016,2.52,107375,Diesel,Dealer,Manual,First Owner,17.9,1316.0,87.3,5
Tata Harrier,Tata,Harrier,2022,4.7,65378,Petrol,Individual,Automatic,Second Owner,20.5,818.0,52.3,5
Hyundai Verna,Hyundai,Verna,2020,4.62,94849,Petrol,Individual,Manual,First Owner,18.0,1005.0,80.5,5
Ford Aspire,Ford,Aspire,2015,2.29,131700,CNG,Individual,Manual,First Owner,17.9,1297.0,95.4,5
Maruti Baleno,Maruti,Baleno,2023,4.55,61764,Petrol,Individual,Manual,Second Owner,20.2,1126.0,69.3,5
Maruti Baleno,Maruti,Baleno,2017,1.86,105773,Petrol,Dealer,Manual,First Owner,20.4,1198.0,80.5,5
Maruti Wagon R,Maruti,Wagon R,2013,2.02,112800,Petrol,Dealer,Manual,Second Owner,,1316.0,89.4,5
Volkswagen Virtus,Volkswagen,Virtus,2024,7.56,39564,Diesel,Individual,Manual,First Owner,17.9,1027.0,78.7,5
Ford Aspire,Ford,Aspire,2023,5.86,81921,Diesel,Trustmark Dealer,Manual,Second Owner,17.9,1509.0,84.6,5
Ford Aspire,Ford,Aspire,2012,1.97,146288,CNG,Individual,Manual,First Owner,19.9,1093.0,57.4,5
Volkswagen Virtus,Volkswagen,Virtus,2023,7.32,75016,Petrol,Individual,Automatic,First Owner,17.1,1166.0,79.4,7
Tata Nexon,Tata,Nexon,2024,6.83,64678,Electric,Dealer,Manual,First Owner,16.7,1326.0,67.7,5
Honda Amaze,Honda,Amaze,2022,7.47,72516,Diesel,Dealer,Automatic,Third Owner,19.3,,86.6,5
Maruti Baleno,Maruti,Baleno,2015,1.56,132321,Petrol,Individual,Manual,First Owner,19.8,1425.0,98.1,5
Maruti Baleno,Maruti,Baleno,2020,3.25,105072,Petrol,Individual,Manual,First Owner,14.1,1311.0,97.0,5
Ford Aspire,Ford,Aspire,2018,3.09,117547,Petrol,Individual,Automatic,Second Owner,20.7,1364.0,85.0,5
Tata Altroz,Tata,Altroz,2020,3.86,82282,CNG,Individual,Manual,First Owner,21.3,1086.0,76.0,7
Honda WR-V,Honda,WR-V,2020,4.72,115013,Petrol,Dealer,Manual,First Owner,20.8,826.0,65.6,5
Volkswagen Virtus,Volkswagen,Virtus,2020,4.38,89526,Petrol,Individual,Manual,First Owner,20.1,800.0,49.6,7
Toyota Fortuner,Toyota,Fortuner,2018,5.94,111412,Diesel,Dealer,Automatic,First Owner,21.3,800.0,66.3,5
Honda City,Honda,City,2020,5.25,90705,CNG,Individual,Automatic,First Owner,13.6,1817.0,117.1,5
Honda Jazz,Honda,Jazz,2018,3.1,102934,Diesel,Individual,Manual,First Owner,20.2,800.0,54.2,5
Hyundai Grand i10,Hyundai,Grand i10,2012,2.5,120313,Diesel,Individual,Manual,First Owner,13.1,1618.0,105.1,5
Maruti Baleno,Maruti,Baleno,2012,1.92,151929,Petrol,Individual,Manual,First Owner,16.4,913.0,64.1,7
Tata Nexon,Tata,Nexon,2024,5.27,121096,CNG,Individual,Manual,First Owner,20.7,1615.0,110.1,5
Hyundai Verna,Hyundai,Verna,2023,6.68,56754,Petrol,Trustmark Dealer,Manual,First Owner,20.7,800.0,56.1,5
Tata Tiago,Tata,Tiago,2019,3.56,92561,Petrol,Dealer,Manual,Second Owner,19.2,1118.0,78.3,7
Renault Triber,Renault,Triber,2014,2.86,113683,Electric,Dealer,Automatic,First Owner,,1709.0,104.0,5
Hyundai Creta,Hyundai,Creta,2022,5.85,60763,Petrol,Individual,Manual,First Owner,15.3,1450.0,87.2,5
Maruti Baleno,Maruti,Baleno,2013,1.85,163977,Petrol,Trustmark Dealer,Automatic,First Owner,18.4,1082.0,75.9,5
Hyundai Verna,Hyundai,Verna,2016,2.66,95694,Diesel,Dealer,Manual,First Owner,20.7,800.0,51.8,5
Hyundai Creta,Hyundai,Creta,2016,2.98,100070,Petrol,Dealer,Automatic,Second Owner,20.2,800.0,65.4,7
Ford Endeavour,Ford,Endeavour,2012,2.08,101575,Petrol,Individual,Manual,First Owner,14.1,1686.0,112.5,5
Honda WR-V,Honda,WR-V,2022,6.94,54832,Diesel,Individual,Manual,Second Owner,20.0,1078.0,68.2,5
Volkswagen Virtus,Volkswagen,Virtus,2018,3.51,59915,Diesel,Dealer,Manual,Second Owner,18.8,1175.0,81.3,5
Ford Aspire,Ford,Aspire,2016,2.44,124399,Diesel,Individual,Manual,Second Owner,18.6,1299.0,80.3,5
Tata Tiago,Tata,Tiago,2018,2.48,159093,Petrol,Individual,Manual,Second Owner,22.0,800.0,46.2,5
Renault Kiger,Renault,Kiger,2012,2.12,128433,Diesel,Individual,Manual,First Owner,17.2,1343.0,84.1,5
Maruti Swift,Maruti,Swift,2017,2.03,67331,Diesel,Individual,Manual,Third Owner,18.8,1053.0,72.5,5
Maruti Baleno,Maruti,Baleno,2018,2.42,117299,Petrol,Individual,Manual,Second Owner,20.7,1303.0,90.8,5
Maruti Baleno,Maruti,Baleno,2016,2.26,94507,Petrol,Dealer,Automatic,First Owner,17.6,998.0,71.1,5
Ford Aspire,Ford,Aspire,2022,4.53,100085,Petrol,Dealer,Automatic,First Owner,16.8,800.0,66.3,5
Tata Nexon,Tata,Nexon,2015,1.98,110795,Petrol,Individual,Manual,First Owner,20.3,1050.0,64.9,5
Maruti Dzire,Maruti,Dzire,2013,2.26,116100,Petrol,Individual,Automatic,First Owner,15.8,1424.0,90.3,5
Honda Jazz,Honda,Jazz,2018,3.95,93584,Diesel,Trustmark Dealer,Manual,First Owner,15.4,1338.0,101.7,5
Maruti Swift,Maruti,Swift,2023,5.24,81671,Electric,Individual,Manual,Second Owner,20.0,1211.0,66.2,5
Ford Endeavour,Ford,Endeavour,2016,2.55,105496,Petrol,Individual,Automatic,First Owner,16.3,1514.0,94.7,5
Tata Altroz,Tata,Altroz,2012,2.4,125572,Diesel,Individual,Manual,First Owner,16.2,1129.0,68.5,5
Tata Altroz,Tata,Altroz,2024,5.4,54125,Petrol,Individual,Manual,First Owner,22.1,1220.0,80.5,5
Hyundai Grand i10,Hyundai,Grand i10,2017,2.79,76019,Petrol,Dealer,Manual,First Owner,16.0,1032.0,68.3,5
Toyota Glanza,Toyota,Glanza,2014,3.84,132234,Diesel,Individual,Manual,First Owner,16.3,1535.0,104.2,5
Tata Tiago,Tata,Tiago,2020,4.07,45192,Petrol,Dealer,Manual,Second Owner,14.0,1302.0,88.7,5
Maruti Baleno,Maruti,Baleno,2016,1.76,100729,CNG,Individual,Manual,First Owner,20.0,1005.0,59.8,5
Maruti Wagon R,Maruti,Wagon R,2024,5.14,75206,Petrol,Trustmark Dealer,Manual,Third Owner,19.3,800.0,54.3,7
Mahindra Scorpio,Mahindra,Scorpio,2015,2.97,123667,Petrol,Dealer,Manual,Second Owner,17.8,1587.0,102.3,5
Kia Carens,Kia,Carens,2019,4.89,103987,Petrol,Individual,Manual,Second Owner,19.7,940.0,72.6,5
Ford Figo,Ford,Figo,2019,3.98,89568,Petrol,Individual,Manual,First Owner,20.9,1225.0,101.8,5
Hyundai Verna,Hyundai,Verna,2015,2.56,142734,CNG,Individual,Automatic,Second Owner,12.9,2023.0,131.9,5
Mahindra XUV500,Mahindra,XUV500,2018,4.12,117843,Diesel,Trustmark Dealer,Automatic,Third Owner,13.6,1481.0,88.4,5
Volkswagen Vento,Volkswagen,Vento,2013,2.37,139815,Petrol,Dealer,Manual,Second Owner,15.7,1764.0,111.3,5
Ford EcoSport,Ford,EcoSport,2020,4.61,104906,Petrol,Individual,Automatic,First Owner,18.9,1012.0,72.1,5
Tata Nexon,Tata,Nexon,2021,4.75,94509,Diesel,Individual,Manual,First Owner,12.6,1575.0,97.5,5
Hyundai Grand i10,Hyundai,Grand i10,2024,8.02,48831,Diesel,Trustmark Dealer,Manual,First Owner,16.2,1209.0,85.3,5
Maruti Dzire,Maruti,Dzire,2016,2.01,80934,Petrol,Dealer,Manual,First Owner,16.1,1328.0,69.9,7
Kia Carens,Kia,Carens,2015,2.71,126247,Petrol,Individual,Manual,Second Owner,17.5,1907.0,124.3,5
Tata Nexon,Tata,Nexon,2019,3.46,103013,Petrol,Individual,Automatic,Second Owner,20.3,,71.8,5
Hyundai Verna,Hyundai,Verna,2021,5.92,101990,Petrol,Individual,Automatic,First Owner,17.6,1207.0,80.5,5
Hyundai Creta,Hyundai,Creta,2024,6.79,37900,Petrol,Dealer,Manual,First Owner,21.0,,75.3,7
Honda City,Honda,City,2012,2.29,116558,Petrol,Dealer,Manual,Second Owner,12.5,1511.0,88.0,7
Maruti Baleno,Maruti,Baleno,2015,1.92,127117,Petrol,Dealer,Manual,First Owner,18.3,1004.0,72.4,5
Renault Kiger,Renault,Kiger,2015,2.2,115434,Petrol,Individual,Manual,First Owner,17.1,1558.0,107.0,5
Volkswagen Virtus,Volkswagen,Virtus,2015,2.51,75513,Petrol,Dealer,Manual,Second Owner,20.9,800.0,60.4,7
Ford Aspire,Ford,Aspire,2018,3.26,105752,CNG,Individual,Automatic,Second Owner,16.2,1392.0,78.6,5
Tata Nexon,Tata,Nexon,2023,6.18,24246,Diesel,Dealer,Automatic,First Owner,19.5,975.0,79.4,5
Toyota Etios,Toyota,Etios,2012,4.78,115704,Petrol,Individual,Automatic,First Owner,17.6,1456.0,93.4,5
Toyota Etios,Toyota,Etios,2022,8.63,101236,Petrol,Dealer,Manual,First Owner,18.3,1195.0,76.5,5
Toyota Fortuner,Toyota,Fortuner,2020,6.0,124647,Petrol,Individual,Manual,First Owner,21.1,1013.0,68.2,5
Maruti Baleno,Maruti,Baleno,2019,2.97,64255,CNG,Dealer,Manual,Second Owner,19.7,1065.0,70.5,5
Tata Altroz,Tata,Altroz,2020,4.14,77253,Diesel,Dealer,Automatic,Second Owner,21.0,902.0,55.1,5
Maruti Swift,Maruti,Swift,2013,2.1,130937,Petrol,Dealer,Manual,First Owner,20.1,1493.0,98.4,5
Honda Amaze,Honda,Amaze,2021,5.2,117186,CNG,Individual,Manual,First Owner,,833.0,56.0,5
Hyundai Creta,Hyundai,Creta,2015,2.68,106156,Diesel,Dealer,Manual,First Owner,22.3,1107.0,81.3,5
Maruti Baleno,Maruti,Baleno,2018,2.93,87008,Diesel,Individual,Automatic,First Owner,16.3,1321.0,91.8,5
Maruti Wagon R,Maruti,Wagon R,2020,3.84,118571,Petrol,Individual,Automatic,First Owner,12.0,1765.0,125.1,5
Toyota Etios,Toyota,Etios,2019,6.21,82754,Petrol,Dealer,Manual,First Owner,18.1,1197.0,79.1,7
Maruti Swift,Maruti,Swift,2016,2.06,126388,Diesel,Dealer,Manual,Second Owner,18.4,1115.0,69.9,5
Kia Sonet,Kia,Sonet,2017,4.84,71502,Petrol,Individual,Automatic,First Owner,20.7,1296.0,74.5,5
Toyota Innova,Toyota,Innova,2018,5.38,93732,Diesel,Trustmark Dealer,Manual,Second Owner,18.3,800.0,76.5,5
Hyundai Grand i10,Hyundai,Grand i10,2012,3.06,99988,Diesel,Individual,Manual,First Owner,20.4,800.0,64.3,5
Toyota Glanza,Toyota,Glanza,2021,9.21,54780,Petrol,Trustmark Dealer,Manual,Second Owner,19.9,1069.0,68.3,5
Maruti Baleno,Maruti,Baleno,2013,1.83,148462,Petrol,Dealer,Manual,Third Owner,19.9,950.0,80.8,5
Mahindra Thar,Mahindra,Thar,2017,2.94,102902,Petrol,Trustmark Dealer,Manual,First Owner,20.2,800.0,69.8,7
Honda Jazz,Honda,Jazz,2020,5.32,77479,Petrol,Dealer,Automatic,First Owner,17.4,1500.0,86.7,5
Volkswagen Virtus,Volkswagen,Virtus,2013,2.62,113527,Diesel,Trustmark Dealer,Manual,Second Owner,20.0,1291.0,80.0,5
Maruti Dzire,Maruti,Dzire,2024,5.05,53645,Diesel,Dealer,Manual,First Owner,21.1,,82.6,5
Honda Jazz,Honda,Jazz,2016,2.76,117124,Petrol,Individual,Manual,First Owner,19.7,957.0,59.1,7
Honda Amaze,Honda,Amaze,2012,2.41,158124,Diesel,Individual,Manual,First Owner,16.5,1228.0,81.8,7
Kia Carens,Kia,Carens,2020,6.52,26746,Petrol,Dealer,Manual,Second Owner,20.4,1380.0,96.6,5
Honda City,Honda,City,2019,4.23,72701,Diesel,Individual,Manual,First Owner,16.7,1107.0,,5
Tata Altroz,Tata,Altroz,2020,3.44,88000,Petrol,Trustmark Dealer,Manual,First Owner,21.0,1356.0,91.9,5
Hyundai Verna,Hyundai,Verna,2021,5.5,75825,Diesel,Individual,Manual,First Owner,22.6,921.0,75.0,5
Hyundai i20,Hyundai,i20,2018,3.34,106374,Diesel,Dealer,Manual,First Owner,21.1,,86.1,5
Honda Amaze,Honda,Amaze,2022,6.59,77385,Petrol,Individual,Manual,First Owner,17.5,1600.0,102.4,7
Tata Tiago,Tata,Tiago,2016,2.37,103792,Diesel,Dealer,Manual,Second Owner,11.7,1631.0,99.4,5
Maruti Dzire,Maruti,Dzire,2019,2.91,79409,CNG,Trustmark Dealer,Manual,Second Owner,13.7,1665.0,113.2,7
Renault Kiger,Renault,Kiger,2014,1.9,118098,Petrol,Individual,Manual,First Owner,18.4,1300.0,77.1,5
Kia EV6,Kia,EV6,2020,6.12,109772,Diesel,Dealer,Manual,First Owner,16.9,1211.0,83.5,7
Maruti Baleno,Maruti,Baleno,2015,2.46,100895,Electric,Individual,Automatic,Second Owner,18.6,1043.0,72.6,5
Honda Jazz,Honda,Jazz,2021,5.56,76618,CNG,Dealer,Manual,Second Owner,,800.0,68.0,5
Maruti Baleno,Maruti,Baleno,2022,4.49,75533,Petrol,Dealer,Automatic,First Owner,20.2,800.0,54.3,5
Ford Aspire,Ford,Aspire,2023,6.67,99327,Diesel,Individual,Manual,First Owner,16.2,1141.0,73.8,5
Hyundai i20,Hyundai,i20,2024,8.9,51893,Electric,Individual,Automatic,First Owner,20.3,1162.0,69.0,7
Toyota Fortuner,Toyota,Fortuner,2013,3.85,151093,Diesel,Individual,Manual,First Owner,16.6,1694.0,111.7,5
Ford Aspire,Ford,Aspire,2013,2.06,157103,Petrol,Individual,Manual,First Owner,15.3,1660.0,102.9,7
Volkswagen Polo,Volkswagen,Polo,2024,6.97,57097,Petrol,Dealer,Manual,First Owner,21.1,960.0,60.9,7
Maruti Wagon R,Maruti,Wagon R,2016,1.88,105864,Diesel,Individual,Manual,First Owner,16.9,1486.0,90.6,5
Kia Sonet,Kia,Sonet,2012,3.91,129260,Petrol,Trustmark Dealer,Automatic,Second Owner,21.9,1033.0,76.1,5
Hyundai Creta,Hyundai,Creta,2015,2.75,111371,Petrol,Trustmark Dealer,Manual,Second Owner,17.3,1439.0,85.3,5
Maruti Wagon R,Maruti,Wagon R,2022,4.38,90293,Petrol,Trustmark Dealer,Manual,Second Owner,19.4,1482.0,88.4,5
Honda WR-V,Honda,WR-V,2016,2.71,115582,Diesel,Dealer,Manual,First Owner,12.2,1635.0,112.1,5
Tata Nexon,Tata,Nexon,2012,2.26,141676,Petrol,Individual,Manual,First Owner,20.2,1028.0,70.2,5
Renault Kiger,Renault,Kiger,2021,4.41,53245,CNG,Dealer,Manual,First Owner,15.6,1555.0,108.2,5
Volkswagen Polo,Volkswagen,Polo,2014,2.8,102215,Diesel,Dealer,Automatic,Second Owner,18.8,800.0,56.1,5
Hyundai i20,Hyundai,i20,2016,2.73,157655,Electric,Trustmark Dealer,Manual,First Owner,18.1,1654.0,106.0,5
Mahindra Thar,Mahindra,Thar,2012,3.17,132587,CNG,Individual,Automatic,First Owner,20.2,1191.0,81.8,7
Hyundai i20,Hyundai,i20,2019,3.76,73955,Petrol,Individual,Manual,Third Owner,14.3,1199.0,92.0,7
Honda Amaze,Honda,Amaze,2017,3.21,135484,Diesel,Trustmark Dealer,Automatic,Second Owner,22.0,800.0,69.4,5
Hyundai i20,Hyundai,i20,2023,6.83,71199,Petrol,Dealer,Manual,First Owner,20.3,1064.0,82.7,5
Kia Seltos,Kia,Seltos,2016,4.34,123219,Electric,Individual,Manual,Second Owner,14.3,1674.0,102.0,5
Maruti Swift,Maruti,Swift,2014,2.06,120462,Petrol,Dealer,Automatic,First Owner,17.5,1051.0,64.9,5
Maruti Baleno,Maruti,Baleno,2014,2.07,116489,Diesel,Individual,Manual,First Owner,13.8,1450.0,,5
Tata Altroz,Tata,Altroz,2014,2.24,119769,Diesel,Individual,Manual,First Owner,17.6,1212.0,92.7,5
Mahindra Bolero,Mahindra,Bolero,2017,3.17,73579,Petrol,Individual,Manual,First Owner,15.9,1572.0,110.8,5
Kia Carens,Kia,Carens,2013,3.16,128065,Diesel,Individual,Manual,Second Owner,19.6,1267.0,84.8,5
Volkswagen Polo,Volkswagen,Polo,2017,3.0,110512,Petrol,Individual,Automatic,First Owner,20.7,874.0,68.9,5
Kia Sonet,Kia,Sonet,2023,9.27,105710,Petrol,Individual,Automatic,First Owner,16.1,1220.0,88.1,5
Kia Sonet,Kia,Sonet,2021,6.97,79891,Petrol,Individual,Manual,Third Owner,15.7,1760.0,113.0,5
Honda Jazz,Honda,Jazz,2020,5.23,33148,Petrol,Individual,Automatic,First Owner,16.9,1374.0,92.1,5
Hyundai Creta,Hyundai,Creta,2023,6.53,62932,Diesel,Individual,Manual,First Owner,16.7,1159.0,79.5,7
Volkswagen Vento,Volkswagen,Vento,2022,6.33,131769,CNG,Individual,Automatic,First Owner,10.8,1990.0,118.1,5
Ford Aspire,Ford,Aspire,2020,4.34,103560,Petrol,Dealer,Manual,First Owner,17.3,1606.0,97.8,5
Tata Nexon,Tata,Nexon,2023,5.87,47160,Diesel,Dealer,Manual,First Owner,17.6,1486.0,91.1,5
Maruti Baleno,Maruti,Baleno,2013,2.1,143004,CNG,Individual,Manual,First Owner,18.8,1311.0,74.3,5
Volkswagen Taigun,Volkswagen,Taigun,2022,7.39,55175,Diesel,Individual,Manual,Second Owner,15.5,1456.0,96.2,5
Hyundai Verna,Hyundai,Verna,2015,2.59,87216,Petrol,Dealer,Manual,First Owner,17.2,1467.0,95.4,5
Kia Carens,Kia,Carens,2021,6.71,70335,CNG,Dealer,Manual,First Owner,17.8,800.0,65.1,5
Hyundai Verna,Hyundai,Verna,2023,6.59,67013,Petrol,Trustmark Dealer,Manual,First Owner,15.6,1338.0,98.7,5
Maruti Dzire,Maruti,Dzire,2018,2.57,56312,Diesel,Trustmark Dealer,Manual,Second Owner,18.7,1144.0,88.5,5
Renault Kiger,Renault,Kiger,2013,2.36,104718,Diesel,Dealer,Manual,First Owner,19.8,1025.0,82.7,5
Maruti Wagon R,Maruti,Wagon R,2016,2.02,110727,Diesel,Dealer,Manual,First Owner,15.5,1132.0,71.2,5
Maruti Dzire,Maruti,Dzire,2017,2.08,95020,Petrol,Individual,Manual,Third Owner,18.4,800.0,47.5,7
Toyota Innova,Toyota,Innova,2024,11.28,67185,Petrol,Dealer,Automatic,First Owner,19.8,800.0,66.4,5
Kia Sonet,Kia,Sonet,2024,9.84,31777,Diesel,Trustmark Dealer,Manual,First Owner,17.8,1636.0,116.0,7
Maruti Dzire,Maruti,Dzire,2019,2.64,106710,Petrol,Dealer,Automatic,First Owner,15.8,1362.0,102.4,5
Hyundai i20,Hyundai,i20,2024,8.56,32457,Petrol,Individual,Automatic,First Owner,20.8,800.0,62.9,5
Volkswagen Virtus,Volkswagen,Virtus,2017,2.83,140140,Diesel,Individual,Manual,Third Owner,19.9,998.0,53.9,7
Mahindra Bolero,Mahindra,Bolero,2017,3.67,66253,Diesel,Individual,Manual,First Owner,16.1,1508.0,100.9,5
Honda WR-V,Honda,WR-V,2022,6.31,47463,Petrol,Individual,Manual,First Owner,19.4,1102.0,80.1,5
Maruti Swift,Maruti,Swift,2020,3.0,93682,Petrol,Dealer,Automatic,First Owner,13.2,1636.0,115.0,7
Maruti Wagon R,Maruti,Wagon R,2018,2.56,134113,Electric,Dealer,Manual,First Owner,15.0,1567.0,112.6,5
Hyundai Grand i10,Hyundai,Grand i10,2017,2.87,110930,Petrol,Individual,Automatic,First Owner,23.4,800.0,66.3,7
Maruti Dzire,Maruti,Dzire,2021,3.66,90382,Petrol,Dealer,Automatic,Second Owner,21.6,1150.0,73.6,5
Ford Endeavour,Ford,Endeavour,2021,3.98,78385,Petrol,Individual,Manual,First Owner,20.9,1043.0,64.1,5
Maruti Dzire,Maruti,Dzire,2018,2.54,74919,Petrol,Individual,Automatic,Second Owner,22.8,800.0,63.3,5
Honda City,Honda,City,2012,2.99,125716,Electric,Individual,Manual,Second Owner,16.9,800.0,52.7,5
Ford EcoSport,Ford,EcoSport,2013,2.68,103337,Petrol,Individual,Automatic,First Owner,18.0,918.0,77.3,7
Toyota Innova,Toyota,Innova,2013,4.88,101868,Petrol,Dealer,Automatic,Second Owner,19.0,976.0,55.0,5
Maruti Wagon R,Maruti,Wagon R,2018,2.84,106338,Petrol,Dealer,Manual,Second Owner,22.6,1299.0,91.0,5
Volkswagen Virtus,Volkswagen,Virtus,2019,4.28,66290,Petrol,Dealer,Manual,First Owner,15.7,1565.0,103.6,7
Ford Aspire,Ford,Aspire,2022,5.13,78530,Petrol,Individual,Manual,First Owner,18.8,1380.0,89.2,7
Ford Endeavour,Ford,Endeavour,2015,3.63,88359,Electric,Dealer,Automatic,First Owner,17.6,1463.0,88.1,5
Maruti Swift,Maruti,Swift,2022,3.72,78020,Diesel,Individual,Manual,First Owner,19.6,1107.0,59.4,5
Maruti Swift,Maruti,Swift,2020,3.1,73748,Petrol,Individual,Automatic,Second Owner,17.1,1411.0,88.4,7
Kia Carens,Kia,Carens,2012,2.94,167445,Petrol,Dealer,Manual,First Owner,16.2,1148.0,74.0,5
Tata Tiago,Tata,Tiago,2016,2.36,117621,Petrol,Dealer,Manual,First Owner,13.8,1045.0,81.4,5
Hyundai Grand i10,Hyundai,Grand i10,2015,2.76,144187,Petrol,Trustmark Dealer,Automatic,First Owner,17.2,1864.0,111.3,5
Honda Jazz,Honda,Jazz,2023,6.33,48375,Diesel,Individual,Manual,First Owner,19.3,800.0,62.6,5
Ford Aspire,Ford,Aspire,2023,5.29,66235,Petrol,Dealer,Manual,Second Owner,16.8,,48.7,7
Mahindra Scorpio,Mahindra,Scorpio,2022,6.19,49916,Diesel,Individual,Manual,Second Owner,18.5,1334.0,92.2,5
Hyundai i20,Hyundai,i20,2018,2.94,88400,CNG,Individual,Manual,Second Owner,19.7,1107.0,58.0,5
Kia Sonet,Kia,Sonet,2018,5.09,91733,Petrol,Dealer,Manual,First Owner,22.1,800.0,75.8,5
Maruti Swift,Maruti,Swift,2016,1.92,94531,CNG,Dealer,Manual,First Owner,22.6,831.0,,5
Honda Jazz,Honda,Jazz,2022,6.83,44758,Petrol,Dealer,Manual,Second Owner,18.3,876.0,45.0,5
Toyota Fortuner,Toyota,Fortuner,2013,3.98,98902,Petrol,Dealer,Manual,First Owner,14.9,1512.0,92.4,7
Maruti Baleno,Maruti,Baleno,2015,2.29,65525,Diesel,Individual,Manual,Second Owner,15.3,1624.0,97.3,5
Maruti Swift,Maruti,Swift,2013,2.01,106760,Petrol,Trustmark Dealer,Manual,First Owner,16.8,1774.0,107.3,5
Tata Tiago,Tata,Tiago,2018,3.08,111304,Diesel,Trustmark Dealer,Manual,First Owner,16.4,800.0,56.1,5
Mahindra Scorpio,Mahindra,Scorpio,2015,3.48,81833,Diesel,Individual,Automatic,First Owner,20.8,800.0,53.7,5
Toyota Glanza,Toyota,Glanza,2014,4.51,93401,Petrol,Individual,Manual,First Owner,22.4,800.0,52.5,5
Kia Carens,Kia,Carens,2016,3.48,149899,CNG,Individual,Manual,First Owner,17.6,,96.5,5
Volkswagen Taigun,Volkswagen,Taigun,2023,5.83,50997,Petrol,Dealer,Manual,Second Owner,18.9,1346.0,95.6,5
Tata Altroz,Tata,Altroz,2019,4.09,98063,Diesel,Trustmark Dealer,Automatic,First Owner,20.3,1228.0,92.1,5
Volkswagen Taigun,Volkswagen,Taigun,2022,5.95,85630,Petrol,Dealer,Automatic,First Owner,12.4,1280.0,83.4,5
Maruti Swift,Maruti,Swift,2023,4.66,79575,Petrol,Individual,Automatic,Second Owner,21.7,1180.0,79.8,5
Maruti Dzire,Maruti,Dzire,2023,5.52,31509,Petrol,Individual,Automatic,First Owner,21.2,808.0,50.4,5
Renault Duster,Renault,Duster,2016,2.27,105416,CNG,Individual,Manual,First Owner,20.0,1380.0,91.5,7
Volkswagen Polo,Volkswagen,Polo,2023,6.88,29399,Petrol,Individual,Automatic,Third Owner,16.3,1135.0,79.3,5
Hyundai Grand i10,Hyundai,Grand i10,2023,5.38,118818,CNG,Individual,Manual,Second Owner,17.0,800.0,57.2,5
Honda City,Honda,City,2024,7.53,23412,Petrol,Individual,Automatic,First Owner,20.8,1401.0,95.2,5
Toyota Fortuner,Toyota,Fortuner,2016,4.05,87447,Petrol,Individual,Automatic,Second Owner,17.3,,75.3,5
Renault Kiger,Renault,Kiger,2014,2.28,100606,Petrol,Individual,Automatic,First Owner,17.3,1280.0,77.0,5
Toyota Fortuner,Toyota,Fortuner,2019,7.02,58073,Petrol,Dealer,Manual,First Owner,19.6,1156.0,88.1,5
Tata Nexon,Tata,Nexon,2024,6.02,88257,CNG,Individual,Automatic,First Owner,18.1,1512.0,96.5,5
Tata Nexon,Tata,Nexon,2023,5.59,118293,Petrol,Individual,Manual,First Owner,20.1,1277.0,98.6,5
Tata Harrier,Tata,Harrier,2019,3.48,80533,Diesel,Dealer,Manual,First Owner,20.5,891.0,67.4,5
Toyota Etios,Toyota,Etios,2013,4.45,100950,Diesel,Trustmark Dealer,Manual,First Owner,15.6,1313.0,103.0,5
Renault Triber,Renault,Triber,2017,2.37,54787,Petrol,Dealer,Manual,Second Owner,19.1,1324.0,97.2,5
Tata Harrier,Tata,Harrier,2021,5.03,72629,Diesel,Dealer,Manual,First Owner,18.8,1379.0,92.7,5
Hyundai Creta,Hyundai,Creta,2019,3.62,84039,CNG,Dealer,Manual,First Owner,12.7,1563.0,95.2,5
Hyundai Grand i10,Hyundai,Grand i10,2016,2.69,96171,Diesel,Dealer,Manual,Second Owner,22.4,984.0,63.5,7
Volkswagen Polo,Volkswagen,Polo,2016,2.46,115370,Petrol,Dealer,Manual,Third Owner,12.1,1434.0,98.1,5
Renault Kiger,Renault,Kiger,2012,1.93,145193,Diesel,Individual,Manual,First Owner,22.6,800.0,60.1,5
Maruti Dzire,Maruti,Dzire,2015,1.97,124107,Diesel,Individual,Manual,Second Owner,17.3,1158.0,74.0,7
Maruti Swift,Maruti,Swift,2020,3.64,77545,Petrol,Individual,Automatic,Second Owner,20.3,1104.0,82.4,5
Toyota Innova,Toyota,Innova,2015,5.0,92764,Diesel,Individual,Manual,First Owner,16.5,1707.0,109.2,5
Maruti Wagon R,Maruti,Wagon R,2024,5.48,73148,Petrol,Individual,Automatic,First Owner,18.6,1145.0,84.7,5
Renault Kwid,Renault,Kwid,2013,2.21,130275,Diesel,Individual,Manual,First Owner,18.1,1413.0,84.9,5
Hyundai Grand i10,Hyundai,Grand i10,2019,4.27,110543,Electric,Individual,Manual,Second Owner,20.4,800.0,67.0,5
Maruti Baleno,Maruti,Baleno,2018,3.04,114881,Electric,Individual,Manual,First Owner,,1077.0,78.2,5
Kia EV6,Kia,EV6,2022,8.19,40221,Diesel,Individual,Manual,First Owner,24.3,904.0,74.3,5
Maruti Swift,Maruti,Swift,2023,5.21,33447,Diesel,Individual,Manual,Second Owner,10.8,2066.0,136.4,5
Hyundai i20,Hyundai,i20,2019,4.33,74378,Diesel,Individual,Manual,First Owner,13.3,967.0,67.5,5
Maruti Wagon R,Maruti,Wagon R,2020,3.34,61262,Petrol,Individual,Manual,First Owner,17.4,1226.0,81.1,5
Maruti Dzire,Maruti,Dzire,2021,3.83,94615,Petrol,Dealer,Manual,Second Owner,17.1,1244.0,97.7,5
Maruti Dzire,Maruti,Dzire,2018,2.82,105228,Petrol,Individual,Manual,Third Owner,19.8,800.0,56.7,5
Maruti Dzire,Maruti,Dzire,2014,1.65,147682,Petrol,Individual,Manual,Second Owner,17.5,1016.0,76.9,5
Maruti Wagon R,Maruti,Wagon R,2017,2.87,112722,Electric,Individual,Automatic,First Owner,19.3,1342.0,85.8,5
Maruti Swift,Maruti,Swift,2015,1.79,121590,CNG,Individual,Manual,First Owner,15.4,1230.0,67.8,5
Toyota Etios,Toyota,Etios,2018,5.48,123894,Petrol,Individual,Manual,First Owner,21.5,800.0,49.2,5
Ford Endeavour,Ford,Endeavour,2019,3.7,101334,Petrol,Individual,Manual,First Owner,20.7,1002.0,73.4,7
Tata Altroz,Tata,Altroz,2014,2.46,124998,Diesel,Individual,Manual,First Owner,17.0,1557.0,106.2,5
Hyundai Grand i10,Hyundai,Grand i10,2015,2.39,149569,Petrol,Trustmark Dealer,Manual,Second Owner,18.2,1406.0,95.6,5
Honda WR-V,Honda,WR-V,2022,6.23,74033,Diesel,Dealer,Manual,Second Owner,17.9,1626.0,113.6,5
Kia EV6,Kia,EV6,2016,3.81,103804,Electric,Individual,Manual,First Owner,20.4,855.0,65.2,7
Renault Kiger,Renault,Kiger,2014,2.13,105067,Petrol,Individual,Manual,First Owner,15.2,1648.0,99.4,5
Maruti Wagon R,Maruti,Wagon R,2021,3.6,93466,Petrol,Dealer,Manual,First Owner,19.4,1184.0,84.9,5
Maruti Dzire,Maruti,Dzire,2021,3.72,105215,Petrol,Individual,Manual,First Owner,16.4,1757.0,113.0,7
Hyundai i20,Hyundai,i20,2022,4.93,70387,Petrol,Trustmark Dealer,Manual,Second Owner,20.1,1201.0,76.5,5
Hyundai i20,Hyundai,i20,2021,5.15,106774,Petrol,Individual,Automatic,First Owner,17.1,800.0,62.8,5
Honda Jazz,Honda,Jazz,2024,8.6,15159,Petrol,Individual,Manual,Second Owner,16.3,1497.0,98.0,5
Tata Nexon,Tata,Nexon,2019,3.57,89780,Petrol,Individual,Manual,First Owner,17.1,1045.0,67.6,5
Maruti Dzire,Maruti,Dzire,2015,1.89,116117,Petrol,Trustmark Dealer,Manual,First Owner,20.2,1068.0,72.3,5
Tata Nexon,Tata,Nexon,2023,6.61,49006,Petrol,Trustmark Dealer,Manual,Third Owner,22.0,800.0,70.3,7
Honda Amaze,Honda,Amaze,2015,2.79,169444,Diesel,Dealer,Automatic,First Owner,14.6,1768.0,123.3,5
Maruti Baleno,Maruti,Baleno,2015,2.07,115543,Petrol,Individual,Automatic,First Owner,17.9,1018.0,72.5,5
Renault Triber,Renault,Triber,2022,4.16,62529,CNG,Dealer,Manual,First Owner,16.5,1751.0,111.8,5
Maruti Swift,Maruti,Swift,2023,4.4,65571,Petrol,Individual,Manual,First Owner,18.9,1049.0,61.2,5
Kia EV6,Kia,EV6,2016,4.74,66438,Petrol,Individual,Automatic,First Owner,23.0,875.0,76.9,5
Maruti Dzire,Maruti,Dzire,2021,3.83,61282,Petrol,Dealer,Manual,First Owner,19.3,1662.0,114.7,7
Renault Triber,Renault,Triber,2023,4.93,86631,Diesel,Trustmark Dealer,Automatic,First Owner,20.5,1174.0,85.6,5
Kia Seltos,Kia,Seltos,2022,8.24,57663,Petrol,Individual,Manual,First Owner,18.9,1178.0,61.6,7
Mahindra Scorpio,Mahindra,Scorpio,2012,2.88,118264,Petrol,Individual,Manual,First Owner,24.2,800.0,59.3,5
Volkswagen Polo,Volkswagen,Polo,2020,4.44,113309,Petrol,Individual,Manual,Second Owner,19.7,1040.0,71.2,5
Volkswagen Taigun,Volkswagen,Taigun,2014,2.7,152985,Electric,Individual,Manual,Second Owner,16.5,1350.0,94.7,5
Toyota Glanza,Toyota,Glanza,2023,9.75,76373,Petrol,Individual,Automatic,First Owner,19.2,800.0,55.4,5
Volkswagen Virtus,Volkswagen,Virtus,2012,2.43,126487,Petrol,Dealer,Manual,First Owner,18.0,1011.0,68.8,5
Maruti Dzire,Maruti,Dzire,2024,5.35,53231,CNG,Individual,Manual,First Owner,19.1,1053.0,,5
Honda Jazz,Honda,Jazz,2014,2.72,105808,Petrol,Dealer,Manual,First Owner,,1223.0,76.1,5
Honda City,Honda,City,2017,3.47,82114,Petrol,Individual,Automatic,First Owner,12.6,1718.0,104.9,5
Renault Duster,Renault,Duster,2015,2.14,94022,Diesel,Individual,Manual,Second Owner,18.0,1095.0,76.8,5
Tata Altroz,Tata,Altroz,2022,5.65,57902,Petrol,Individual,Automatic,First Owner,20.1,958.0,78.4,7
Tata Nexon,Tata,Nexon,2017,2.86,81236,Petrol,Individual,Automatic,First Owner,14.3,2161.0,140.3,5
Toyota Glanza,Toyota,Glanza,2021,8.06,43598,Petrol,Individual,Manual,Second Owner,19.1,1048.0,81.2,5
Hyundai Verna,Hyundai,Verna,2012,2.69,141326,Petrol,Dealer,Automatic,Second Owner,19.2,1133.0,77.8,5
Maruti Dzire,Maruti,Dzire,2017,2.17,109161,CNG,Trustmark Dealer,Automatic,First Owner,16.6,1075.0,86.1,5
Tata Tiago,Tata,Tiago,2023,5.51,102417,Diesel,Individual,Manual,First Owner,17.0,1103.0,61.7,5
Tata Harrier,Tata,Harrier,2024,6.92,43796,Diesel,Dealer,Manual,Third Owner,18.1,1227.0,98.7,5
Hyundai i20,Hyundai,i20,2014,2.65,130014,Petrol,Trustmark Dealer,Manual,First Owner,17.6,1522.0,115.9,5
Tata Altroz,Tata,Altroz,2017,2.17,110879,Diesel,Individual,Manual,Second Owner,18.0,1341.0,92.4,5
Tata Altroz,Tata,Altroz,2017,2.39,98415,Diesel,Dealer,Manual,Second Owner,14.5,1577.0,108.4,5
Hyundai Verna,Hyundai,Verna,2019,3.96,107375,Petrol,Trustmark Dealer,Automatic,First Owner,15.8,1565.0,100.8,5
Tata Harrier,Tata,Harrier,2018,2.61,114555,CNG,Dealer,Manual,First Owner,21.0,1273.0,83.3,5
Ford Aspire,Ford,Aspire,2013,2.31,137203,Diesel,Individual,Manual,First Owner,18.7,1332.0,83.4,5
Hyundai i20,Hyundai,i20,2021,5.77,72375,Diesel,Dealer,Manual,First Owner,15.9,1588.0,101.9,5
Mahindra Bolero,Mahindra,Bolero,2014,2.97,115634,Petrol,Individual,Manual,First Owner,18.4,811.0,64.1,5
Kia EV6,Kia,EV6,2016,3.73,80409,Petrol,Dealer,Manual,Second Owner,12.1,2074.0,132.4,5
Honda Amaze,Honda,Amaze,2022,6.73,53769,Diesel,Trustmark Dealer,Manual,Second Owner,19.3,1021.0,87.0,5
Hyundai Grand i10,Hyundai,Grand i10,2020,4.82,70815,Diesel,Individual,Manual,Second Owner,19.6,1077.0,75.0,5
Honda WR-V,Honda,WR-V,2017,2.92,79272,Petrol,Dealer,Manual,Third Owner,21.7,800.0,47.1,5
Renault Kwid,Renault,Kwid,2023,5.35,74678,Petrol,Individual,Manual,Second Owner,21.3,800.0,72.2,7
Toyota Etios,Toyota,Etios,2017,4.67,130325,Diesel,Individual,Automatic,First Owner,15.7,1541.0,90.0,7
Volkswagen Polo,Volkswagen,Polo,2019,4.1,71022,Petrol,Dealer,Manual,First Owner,12.9,1995.0,120.2,5
Honda City,Honda,City,2015,2.42,123235,Petrol,Dealer,Manual,First Owner,23.5,1001.0,72.2,5
Toyota Innova,Toyota,Innova,2014,4.12,100749,Diesel,Individual,Manual,First Owner,16.5,1322.0,91.0,7
Hyundai Grand i10,Hyundai,Grand i10,2018,2.93,90791,Petrol,Dealer,Manual,First Owner,15.3,1277.0,73.7,5
Ford EcoSport,Ford,EcoSport,2019,3.43,75812,Petrol,Individual,Manual,First Owner,13.1,,94.3,5
Hyundai Verna,Hyundai,Verna,2022,5.63,84741,Petrol,Trustmark Dealer,Manual,First Owner,13.3,1977.0,111.9,5
Ford Figo,Ford,Figo,2017,2.63,89066,CNG,Dealer,Manual,First Owner,17.3,1732.0,115.2,7
Renault Duster,Renault,Duster,2023,4.75,87256,Petrol,Dealer,Manual,Second Owner,,1116.0,,5
Maruti Swift,Maruti,Swift,2019,2.97,85594,Diesel,Individual,Manual,First Owner,20.3,1385.0,81.4,5
Toyota Fortuner,Toyota,Fortuner,2012,5.45,122208,Electric,Individual,Manual,First Owner,17.1,,101.1,5
Maruti Baleno,Maruti,Baleno,2021,3.75,50427,Diesel,Trustmark Dealer,Manual,First Owner,20.6,1193.0,88.1,5
Ford Figo,Ford,Figo,2019,3.45,96570,Petrol,Individual,Automatic,First Owner,19.0,816.0,54.6,5
Maruti Wagon R,Maruti,Wagon R,2017,1.8,123694,Petrol,Individual,Manual,First Owner,18.4,920.0,49.7,5
Kia EV6,Kia,EV6,2018,4.93,103513,Petrol,Dealer,Automatic,First Owner,16.3,1602.0,94.5,5
Maruti Baleno,Maruti,Baleno,2015,1.93,166254,Diesel,Dealer,Manual,First Owner,16.9,1638.0,100.3,5
Mahindra Bolero,Mahindra,Bolero,2019,4.97,122455,Electric,Dealer,Manual,First Owner,18.4,1127.0,89.3,5
Volkswagen Taigun,Volkswagen,Taigun,2019,4.39,84234,Diesel,Dealer,Manual,First Owner,18.4,1291.0,85.1,5
Toyota Glanza,Toyota,Glanza,2017,4.5,97003,Petrol,Trustmark Dealer,Manual,Third Owner,17.2,1619.0,96.0,5
Volkswagen Taigun,Volkswagen,Taigun,2015,2.37,127333,Petrol,Individual,Manual,Second Owner,17.7,800.0,60.2,7
Volkswagen Taigun,Volkswagen,Taigun,2017,3.44,85563,CNG,Dealer,Automatic,First Owner,18.5,1044.0,62.1,5
Mahindra XUV500,Mahindra,XUV500,2018,2.84,123158,Petrol,Dealer,Manual,First Owner,13.4,1906.0,123.9,5
Hyundai Grand i10,Hyundai,Grand i10,2018,3.4,105455,Diesel,Dealer,Manual,First Owner,16.8,1305.0,79.0,5
Toyota Innova,Toyota,Innova,2016,4.16,116142,Petrol,Individual,Manual,Second Owner,21.3,805.0,52.6,7
Maruti Dzire,Maruti,Dzire,2019,3.4,106112,Diesel,Individual,Manual,First Owner,17.1,1241.0,86.3,7
Toyota Glanza,Toyota,Glanza,2014,3.56,161402,Diesel,Individual,Manual,Second Owner,12.3,1558.0,114.7,5
Maruti Dzire,Maruti,Dzire,2018,2.35,101261,Petrol,Dealer,Manual,Second Owner,20.1,800.0,76.6,5
Honda Amaze,Honda,Amaze,2013,2.35,127513,Petrol,Individual,Manual,First Owner,15.9,1262.0,76.1,5
Honda WR-V,Honda,WR-V,2018,2.93,130691,Diesel,Dealer,Manual,Second Owner,20.0,1070.0,69.1,5
Tata Nexon,Tata,Nexon,2022,4.56,92786,Petrol,Dealer,Manual,First Owner,,800.0,63.1,5
Honda Amaze,Honda,Amaze,2022,6.44,64438,Petrol,Individual,Manual,First Owner,13.8,1229.0,91.9,7
Volkswagen Virtus,Volkswagen,Virtus,2021,5.37,78114,Petrol,Dealer,Manual,First Owner,17.1,1152.0,61.0,5
Volkswagen Vento,Volkswagen,Vento,2021,4.74,82298,Petrol,Individual,Manual,Second Owner,19.1,1192.0,81.3,7
Honda WR-V,Honda,WR-V,2012,3.09,144459,Diesel,Individual,Automatic,First Owner,16.2,1078.0,70.4,5
Toyota Fortuner,Toyota,Fortuner,2016,4.6,80654,Petrol,Individual,Automatic,First Owner,21.9,843.0,46.0,7
Kia Carens,Kia,Carens,2020,6.49,50565,Petrol,Individual,Manual,First Owner,22.7,800.0,48.3,7
Maruti Wagon R,Maruti,Wagon R,2022,4.64,51977,CNG,Dealer,Manual,Third Owner,19.4,958.0,63.1,5
Maruti Dzire,Maruti,Dzire,2019,3.27,69775,Petrol,Individual,Automatic,First Owner,15.1,1501.0,98.0,5
Maruti Baleno,Maruti,Baleno,2023,5.2,50835,Petrol,Individual,Manual,First Owner,13.3,1282.0,93.6,5
Toyota Glanza,Toyota,Glanza,2015,3.82,130963,Diesel,Individual,Manual,First Owner,20.1,1176.0,82.5,7
Tata Altroz,Tata,Altroz,2013,2.27,126283,CNG,Dealer,Manual,First Owner,24.4,836.0,68.6,5
Volkswagen Vento,Volkswagen,Vento,2013,2.78,134320,Diesel,Individual,Manual,Second Owner,22.7,1069.0,74.0,5
Ford EcoSport,Ford,EcoSport,2019,4.69,64065,Diesel,Individual,Automatic,Third Owner,16.5,1458.0,89.6,5
Hyundai i20,Hyundai,i20,2020,4.48,74343,Petrol,Trustmark Dealer,Automatic,Second Owner,15.2,1377.0,89.3,5
Kia EV6,Kia,EV6,2015,3.67,129919,Petrol,Individual,Automatic,Second Owner,20.9,1033.0,77.4,5
Volkswagen Polo,Volkswagen,Polo,2022,6.08,84588,CNG,Individual,Automatic,First Owner,20.3,800.0,67.3,5
Hyundai i20,Hyundai,i20,2021,5.23,62059,CNG,Individual,Manual,First Owner,20.6,964.0,66.8,7
Tata Nexon,Tata,Nexon,2016,2.56,114056,Diesel,Dealer,Automatic,First Owner,19.9,1031.0,64.3,5
Hyundai Creta,Hyundai,Creta,2015,2.56,165374,Petrol,Dealer,Manual,First Owner,20.3,883.0,66.3,7
Maruti Swift,Maruti,Swift,2021,3.34,77612,Petrol,Individual,Manual,First Owner,21.2,1055.0,76.8,5
Maruti Wagon R,Maruti,Wagon R,2020,3.39,69249,Petrol,Dealer,Manual,Second Owner,18.9,1486.0,106.6,7
Kia EV6,Kia,EV6,2014,2.98,119677,CNG,Dealer,Manual,First Owner,17.4,1187.0,74.9,5
Tata Harrier,Tata,Harrier,2015,2.46,119027,Diesel,Dealer,Manual,First Owner,14.6,1546.0,94.7,5
Tata Harrier,Tata,Harrier,2018,2.97,94174,Petrol,Trustmark Dealer,Manual,First Owner,15.6,800.0,65.0,7
Ford Aspire,Ford,Aspire,2018,3.87,96810,Petrol,Dealer,Manual,Second Owner,18.2,1093.0,71.9,5
Honda WR-V,Honda,WR-V,2014,2.97,91744,Petrol,Individual,Manual,Second Owner,18.4,800.0,55.4,5
Kia Carens,Kia,Carens,2024,9.91,37322,Petrol,Individual,Manual,First Owner,20.0,1051.0,82.8,5
Volkswagen Polo,Volkswagen,Polo,2017,2.86,100714,Diesel,Trustmark Dealer,Manual,Second Owner,19.7,834.0,49.9,5
Tata Tiago,Tata,Tiago,2016,2.39,106864,Diesel,Dealer,Manual,Second Owner,15.4,1648.0,122.1,5
Tata Tiago,Tata,Tiago,2012,2.22,124043,Petrol,Individual,Manual,First Owner,19.2,1343.0,84.0,5
Mahindra Scorpio,Mahindra,Scorpio,2023,8.43,61105,Diesel,Trustmark Dealer,Automatic,Second Owner,17.2,1555.0,107.5,7
Ford EcoSport,Ford,EcoSport,2015,2.28,118342,Electric,Dealer,Manual,First Owner,18.9,1050.0,71.9,5
Mahindra Bolero,Mahindra,Bolero,2024,7.41,78067,Petrol,Dealer,Manual,First Owner,23.7,843.0,63.5,5
Maruti Baleno,Maruti,Baleno,2018,2.44,95317,Petrol,Dealer,Manual,First Owner,21.9,832.0,58.7,5
Renault Triber,Renault,Triber,2023,6.27,73780,Petrol,Individual,Automatic,First Owner,17.0,1293.0,93.0,5
Toyota Glanza,Toyota,Glanza,2014,4.22,111584,Petrol,Dealer,Manual,First Owner,14.1,1834.0,113.1,5
Maruti Swift,Maruti,Swift,2014,1.73,136086,Petrol,Trustmark Dealer,Manual,First Owner,19.1,1344.0,84.3,7
Toyota Fortuner,Toyota,Fortuner,2022,9.64,79766,Diesel,Individual,Manual,First Owner,19.5,1069.0,88.3,5
Ford Aspire,Ford,Aspire,2022,5.59,90547,Petrol,Individual,Automatic,First Owner,16.5,1134.0,,5
Maruti Swift,Maruti,Swift,2019,3.03,106696,Petrol,Dealer,Automatic,First Owner,20.2,1189.0,75.0,5
Tata Tiago,Tata,Tiago,2012,1.92,149452,CNG,Individual,Manual,First Owner,16.9,1909.0,108.1,5
Renault Kwid,Renault,Kwid,2024,5.64,56334,Petrol,Individual,Manual,First Owner,18.3,1632.0,119.7,5
Hyundai Creta,Hyundai,Creta,2017,2.71,109388,Diesel,Individual,Manual,First Owner,20.9,1291.0,81.6,5
Tata Nexon,Tata,Nexon,2024,6.0,81897,Diesel,Individual,Manual,Second Owner,22.3,,99.6,5
Tata Tiago,Tata,Tiago,2023,6.8,50654,Diesel,Individual,Automatic,Second Owner,21.2,1305.0,90.0,5
Hyundai Creta,Hyundai,Creta,2023,6.95,51175,Diesel,Dealer,Automatic,First Owner,18.1,1373.0,91.7,5
Kia Sonet,Kia,Sonet,2020,6.78,88491,Diesel,Dealer,Automatic,Second Owner,18.7,1055.0,74.4,5
Volkswagen Taigun,Volkswagen,Taigun,2020,5.23,93636,Diesel,Dealer,Automatic,First Owner,16.3,905.0,82.5,5
Maruti Baleno,Maruti,Baleno,2018,2.48,79369,Petrol,Individual,Manual,Third Owner,16.3,1561.0,83.3,5
Mahindra Thar,Mahindra,Thar,2012,3.68,134855,Petrol,Individual,Automatic,First Owner,19.3,1208.0,,5
Kia Sonet,Kia,Sonet,2017,3.89,101932,Petrol,Individual,Manual,First Owner,16.6,1532.0,97.1,5
Hyundai Grand i10,Hyundai,Grand i10,2021,4.96,29263,Petrol,Dealer,Manual,First Owner,11.4,1776.0,111.0,5
Renault Triber,Renault,Triber,2022,4.29,66668,Petrol,Trustmark Dealer,Manual,First Owner,16.7,1382.0,92.2,5
Maruti Wagon R,Maruti,Wagon R,2019,2.68,87539,Petrol,Individual,Manual,First Owner,18.9,1325.0,85.7,5
Mahindra Thar,Mahindra,Thar,2021,6.09,74473,Petrol,Trustmark Dealer,Automatic,First Owner,10.1,2320.0,,5
Ford Endeavour,Ford,Endeavour,2012,2.5,167650,Petrol,Individual,Automatic,First Owner,18.3,1272.0,84.8,7
Toyota Fortuner,Toyota,Fortuner,2018,5.42,70752,Petrol,Individual,Automatic,Second Owner,21.3,818.0,49.5,5
Maruti Wagon R,Maruti,Wagon R,2018,2.84,79358,Diesel,Dealer,Automatic,Second Owner,,1102.0,78.7,5
Kia Carens,Kia,Carens,2023,10.92,7531,Diesel,Individual,Manual,First Owner,18.7,1743.0,116.6,5
Maruti Baleno,Maruti,Baleno,2016,1.93,99919,Diesel,Trustmark Dealer,Manual,Second Owner,19.8,800.0,54.7,5
Hyundai Creta,Hyundai,Creta,2014,2.95,114795,Petrol,Individual,Automatic,First Owner,20.2,937.0,81.5,5
Maruti Dzire,Maruti,Dzire,2016,1.74,99280,CNG,Dealer,Manual,Third Owner,16.6,1587.0,113.0,5
Volkswagen Vento,Volkswagen,Vento,2014,2.69,147868,Diesel,Individual,Automatic,First Owner,20.2,1105.0,82.5,7
Maruti Swift,Maruti,Swift,2019,2.6,109933,Petrol,Individual,Manual,Second Owner,19.6,1161.0,85.5,5
Kia Carens,Kia,Carens,2020,7.23,86212,Electric,Individual,Manual,Second Owner,19.1,1576.0,101.9,5
Toyota Innova,Toyota,Innova,2022,8.38,63346,Petrol,Trustmark Dealer,Manual,Second Owner,15.1,949.0,76.3,5
Maruti Dzire,Maruti,Dzire,2024,5.96,81076,Diesel,Dealer,Manual,Second Owner,21.4,800.0,71.6,5
Maruti Dzire,Maruti,Dzire,2012,1.82,136065,Diesel,Dealer,Automatic,First Owner,21.5,800.0,65.5,5
Maruti Wagon R,Maruti,Wagon R,2015,2.36,98998,Petrol,Individual,Automatic,Second Owner,16.7,1404.0,87.7,5
Toyota Innova,Toyota,Innova,2015,4.95,79242,Diesel,Individual,Manual,First Owner,13.3,1291.0,85.7,5
Volkswagen Virtus,Volkswagen,Virtus,2015,2.62,107291,Petrol,Individual,Manual,First Owner,19.6,958.0,72.3,7
Hyundai i20,Hyundai,i20,2022,5.38,88102,Petrol,Dealer,Manual,Third Owner,19.1,800.0,65.7,7
Renault Kwid,Renault,Kwid,2013,2.1,180083,Petrol,Individual,Manual,First Owner,22.2,1105.0,75.2,5
Maruti Baleno,Maruti,Baleno,2012,2.23,137855,Petrol,Individual,Manual,First Owner,16.9,1591.0,98.0,5
Volkswagen Taigun,Volkswagen,Taigun,2023,6.21,48162,Petrol,Dealer,Manual,Second Owner,18.4,907.0,77.6,5
Kia Carens,Kia,Carens,2024,10.14,32430,Diesel,Dealer,Manual,First Owner,15.5,968.0,59.7,5
Volkswagen Vento,Volkswagen,Vento,2014,2.29,135643,Petrol,Individual,Manual,First Owner,21.7,800.0,51.5,5
Ford Aspire,Ford,Aspire,2016,2.29,71678,Petrol,Individual,Manual,First Owner,20.4,1071.0,63.3,5
Renault Kiger,Renault,Kiger,2018,3.12,109607,Diesel,Individual,Automatic,Second Owner,17.2,1318.0,79.9,7
Maruti Swift,Maruti,Swift,2018,2.53,115489,Petrol,Dealer,Manual,Second Owner,15.4,1940.0,131.7,5
Hyundai i20,Hyundai,i20,2024,5.89,68098,Petrol,Individual,Manual,First Owner,17.2,1276.0,95.4,5
Maruti Wagon R,Maruti,Wagon R,2017,2.24,99167,Diesel,Dealer,Manual,First Owner,20.6,1181.0,79.4,5
Honda City,Honda,City,2012,2.91,148928,CNG,Individual,Automatic,First Owner,18.6,1502.0,101.6,7
Volkswagen Vento,Volkswagen,Vento,2017,2.87,107760,Petrol,Trustmark Dealer,Automatic,Second Owner,13.7,1444.0,94.3,7
Toyota Glanza,Toyota,Glanza,2019,5.96,73881,Petrol,Trustmark Dealer,Manual,Second Owner,16.7,998.0,60.4,5
Renault Kwid,Renault,Kwid,2018,2.83,138209,Diesel,Individual,Manual,Third Owner,17.9,2006.0,143.1,5
Maruti Baleno,Maruti,Baleno,2018,3.11,89763,CNG,Individual,Automatic,First Owner,20.2,1191.0,91.5,5
Ford Aspire,Ford,Aspire,2023,5.85,82066,Petrol,Individual,Manual,First Owner,15.3,1283.0,88.4,5
Maruti Wagon R,Maruti,Wagon R,2022,4.83,18290,Petrol,Dealer,Manual,First Owner,14.1,1393.0,84.8,5
Hyundai Verna,Hyundai,Verna,2015,2.49,145082,Petrol,Individual,Automatic,First Owner,18.1,1321.0,85.9,5
Ford Aspire,Ford,Aspire,2016,2.35,142812,Diesel,Dealer,Manual,First Owner,13.1,1734.0,104.8,7
Mahindra Thar,Mahindra,Thar,2020,5.14,85156,CNG,Individual,Manual,First Owner,18.8,994.0,70.5,5
Toyota Fortuner,Toyota,Fortuner,2017,4.53,116292,Diesel,Individual,Automatic,First Owner,16.7,1474.0,98.5,5
Maruti Wagon R,Maruti,Wagon R,2017,2.04,116287,Petrol,Dealer,Manual,Third Owner,17.8,1258.0,81.5,5
Toyota Etios,Toyota,Etios,2014,4.58,109358,Diesel,Dealer,Manual,First Owner,18.7,1544.0,88.3,5
Maruti Baleno,Maruti,Baleno,2015,1.97,129036,Diesel,Dealer,Manual,First Owner,22.4,1125.0,93.9,5
Kia EV6,Kia,EV6,2021,7.91,60210,Petrol,Dealer,Automatic,Second Owner,18.1,1077.0,76.1,5
Ford Endeavour,Ford,Endeavour,2022,6.28,58107,Diesel,Dealer,Automatic,First Owner,14.6,1456.0,98.7,7
Maruti Wagon R,Maruti,Wagon R,2022,4.21,96292,Petrol,Individual,Automatic,First Owner,18.4,1325.0,84.5,5
Maruti Baleno,Maruti,Baleno,2016,1.64,131942,Petrol,Trustmark Dealer,Manual,First Owner,23.2,913.0,52.7,5
Maruti Swift,Maruti,Swift,2013,2.23,114459,Diesel,Dealer,Automatic,First Owner,14.9,1671.0,106.2,5
Mahindra Bolero,Mahindra,Bolero,2014,3.55,107361,Petrol,Dealer,Automatic,First Owner,18.6,1456.0,92.5,5
Tata Tiago,Tata,Tiago,2017,3.05,89796,Electric,Trustmark Dealer,Manual,First Owner,16.8,1174.0,85.2,5
Volkswagen Taigun,Volkswagen,Taigun,2018,3.09,113618,Petrol,Individual,Manual,First Owner,19.3,1036.0,79.2,5
Toyota Etios,Toyota,Etios,2023,10.19,43000,Petrol,Dealer,Manual,First Owner,15.3,1327.0,,5
Honda City,Honda,City,2023,6.99,72847,Petrol,Dealer,Automatic,First Owner,,1431.0,101.6,5
Maruti Dzire,Maruti,Dzire,2012,1.71,152930,Petrol,Individual,Manual,First Owner,20.3,800.0,73.4,5
Mahindra Scorpio,Mahindra,Scorpio,2021,5.8,76058,Petrol,Dealer,Manual,First Owner,18.8,1331.0,91.3,5
Hyundai Verna,Hyundai,Verna,2015,3.11,139221,Diesel,Individual,Automatic,Third Owner,20.6,1428.0,102.3,7
Honda Amaze,Honda,Amaze,2014,3.45,116805,Petrol,Individual,Automatic,First Owner,19.8,800.0,63.0,7
Ford EcoSport,Ford,EcoSport,2019,3.68,86295,Petrol,Individual,Automatic,First Owner,14.0,1269.0,,5
Toyota Innova,Toyota,Innova,2012,4.61,115000,Diesel,Dealer,Manual,First Owner,16.6,1443.0,93.1,7
Mahindra Thar,Mahindra,Thar,2016,2.9,132877,Petrol,Dealer,Manual,Second Owner,17.8,1403.0,85.2,7
Maruti Swift,Maruti,Swift,2019,3.06,74136,Diesel,Individual,Manual,First Owner,17.2,1481.0,98.3,7
Honda City,Honda,City,2015,2.41,124694,Petrol,Individual,Manual,First Owner,,1085.0,68.3,5
Tata Altroz,Tata,Altroz,2019,3.73,89431,Petrol,Individual,Automatic,First Owner,23.3,836.0,65.8,5
Tata Tiago,Tata,Tiago,2017,3.01,80838,Diesel,Individual,Manual,First Owner,20.8,800.0,66.8,5
Maruti Wagon R,Maruti,Wagon R,2022,4.69,58099,Diesel,Individual,Manual,Second Owner,16.0,1582.0,111.6,7
Maruti Dzire,Maruti,Dzire,2014,1.79,153923,Diesel,Individual,Manual,First Owner,15.4,1446.0,107.5,7
Hyundai i20,Hyundai,i20,2012,2.42,140936,Petrol,Dealer,Manual,Second Owner,12.6,1609.0,90.1,5
Hyundai Grand i10,Hyundai,Grand i10,2018,3.33,75298,Petrol,Individual,Automatic,First Owner,20.4,946.0,57.4,7
Tata Nexon,Tata,Nexon,2015,2.38,123717,Diesel,Dealer,Manual,First Owner,17.3,1481.0,119.9,5
Toyota Innova,Toyota,Innova,2021,8.9,74785,Diesel,Dealer,Manual,First Owner,18.4,800.0,67.1,5
Toyota Fortuner,Toyota,Fortuner,2013,3.42,205989,Diesel,Individual,Manual,Second Owner,19.9,896.0,66.1,5
Tata Altroz,Tata,Altroz,2019,2.58,97272,Diesel,Dealer,Manual,Second Owner,17.8,1244.0,83.7,5
Tata Altroz,Tata,Altroz,2024,6.52,50126,Diesel,Individual,Manual,First Owner,15.8,1432.0,93.3,5
Hyundai i20,Hyundai,i20,2013,2.51,161240,Petrol,Individual,Automatic,First Owner,13.5,1788.0,97.9,5
Toyota Fortuner,Toyota,Fortuner,2015,4.31,76497,Diesel,Individual,Manual,First Owner,19.6,1116.0,70.2,5
Hyundai Creta,Hyundai,Creta,2022,5.14,73575,Petrol,Individual,Manual,First Owner,19.6,897.0,63.4,5
Maruti Wagon R,Maruti,Wagon R,2018,2.53,141377,Petrol,Trustmark Dealer,Automatic,Second Owner,18.9,879.0,57.6,7
Tata Altroz,Tata,Altroz,2014,2.2,120943,Diesel,Dealer,Manual,First Owner,17.9,959.0,63.1,5
Tata Nexon,Tata,Nexon,2014,2.64,85367,Petrol,Dealer,Manual,Second Owner,13.8,1977.0,144.2,5
Hyundai Verna,Hyundai,Verna,2021,5.49,69289,Petrol,Individual,Manual,Second Owner,,1465.0,93.6,5
Honda Jazz,Honda,Jazz,2023,6.21,96999,CNG,Trustmark Dealer,Manual,Second Owner,16.6,1589.0,104.6,7
Honda Amaze,Honda,Amaze,2016,2.69,118773,Diesel,Individual,Manual,Second Owner,18.3,1116.0,78.3,5
Ford EcoSport,Ford,EcoSport,2018,3.53,79045,Petrol,Individual,Automatic,First Owner,19.0,1199.0,85.7,5
Toyota Glanza,Toyota,Glanza,2022,11.68,56424,Electric,Trustmark Dealer,Automatic,First Owner,19.7,,90.7,5
Toyota Etios,Toyota,Etios,2014,3.58,111186,Petrol,Individual,Manual,First Owner,20.3,1023.0,81.2,5
Hyundai Creta,Hyundai,Creta,2014,2.99,131446,Diesel,Individual,Manual,Second Owner,19.4,1098.0,78.9,5
Volkswagen Taigun,Volkswagen,Taigun,2022,5.5,100940,Petrol,Individual,Manual,Third Owner,20.9,964.0,57.7,5
Honda Amaze,Honda,Amaze,2014,2.44,146653,Petrol,Individual,Manual,First Owner,18.9,1043.0,71.5,5
Tata Nexon,Tata,Nexon,2022,4.06,81532,Petrol,Dealer,Manual,Third Owner,18.6,1217.0,80.6,5
Toyota Etios,Toyota,Etios,2018,5.42,68203,Petrol,Individual,Manual,Third Owner,19.0,912.0,63.4,7
Tata Nexon,Tata,Nexon,2024,5.96,29285,Petrol,Trustmark Dealer,Manual,First Owner,14.7,1300.0,,5
Honda Amaze,Honda,Amaze,2012,2.81,148231,Petrol,Individual,Automatic,Second Owner,18.5,1300.0,91.6,5
Ford Endeavour,Ford,Endeavour,2024,6.36,28899,Diesel,Dealer,Automatic,First Owner,19.4,1137.0,81.7,5
Kia Carens,Kia,Carens,2014,3.31,118537,Petrol,Dealer,Manual,First Owner,19.4,910.0,67.8,5
Kia EV6,Kia,EV6,2012,3.55,143191,Petrol,Dealer,Automatic,First Owner,20.2,1237.0,83.7,5
Honda Jazz,Honda,Jazz,2021,6.09,52972,Electric,Individual,Manual,First Owner,17.9,1023.0,54.1,7
Honda City,Honda,City,2018,4.11,74966,Diesel,Individual,Automatic,Second Owner,14.7,1216.0,,5
Volkswagen Taigun,Volkswagen,Taigun,2022,5.73,69429,CNG,Dealer,Manual,First Owner,14.8,1584.0,106.0,7
Hyundai Grand i10,Hyundai,Grand i10,2013,2.66,141080,Petrol,Dealer,Manual,Second Owner,17.5,800.0,51.1,5
Renault Triber,Renault,Triber,2013,1.92,153353,Petrol,Individual,Manual,First Owner,14.8,1961.0,125.1,5
Honda Jazz,Honda,Jazz,2019,3.89,104355,Diesel,Individual,Manual,Second Owner,17.0,1175.0,84.8,5
Maruti Dzire,Maruti,Dzire,2023,4.24,66620,Diesel,Dealer,Manual,First Owner,19.5,1344.0,98.3,5
Maruti Wagon R,Maruti,Wagon R,2017,2.0,87583,Petrol,Individual,Manual,First Owner,21.7,937.0,70.6,5
Renault Kiger,Renault,Kiger,2022,4.26,47940,CNG,Individual,Manual,First Owner,14.3,1600.0,105.6,5
Maruti Wagon R,Maruti,Wagon R,2023,5.35,53760,Diesel,Trustmark Dealer,Manual,First Owner,17.0,1156.0,86.2,5
Hyundai i20,Hyundai,i20,2023,6.29,74018,Diesel,Individual,Manual,First Owner,20.2,1062.0,71.0,5
Hyundai i20,Hyundai,i20,2018,3.45,104905,Petrol,Individual,Manual,First Owner,21.4,999.0,73.2,5
Maruti Baleno,Maruti,Baleno,2021,4.67,31802,Diesel,Dealer,Manual,First Owner,14.8,1106.0,70.9,5
Hyundai Creta,Hyundai,Creta,2018,3.18,80215,Petrol,Individual,Manual,First Owner,18.1,1346.0,97.9,5
Volkswagen Virtus,Volkswagen,Virtus,2020,4.67,110999,Electric,Individual,Manual,First Owner,13.6,1260.0,71.4,5
Maruti Wagon R,Maruti,Wagon R,2019,3.19,92742,Petrol,Individual,Manual,First Owner,17.3,1186.0,86.8,5
Renault Kwid,Renault,Kwid,2018,3.09,66325,Petrol,Individual,Automatic,Second Owner,21.9,,67.4,7
Renault Duster,Renault,Duster,2017,2.09,155828,Petrol,Individual,Manual,First Owner,25.8,931.0,73.9,7
Tata Harrier,Tata,Harrier,2020,4.33,83863,Diesel,Dealer,Manual,Second Owner,18.8,1039.0,65.9,5
Maruti Dzire,Maruti,Dzire,2021,4.58,86455,Electric,Individual,Manual,First Owner,14.9,1361.0,90.6,7
Toyota Etios,Toyota,Etios,2023,10.33,73789,CNG,Individual,Manual,First Owner,16.0,1432.0,94.2,5
Maruti Swift,Maruti,Swift,2019,3.45,82912,Diesel,Dealer,Manual,Second Owner,16.9,1479.0,99.8,5
Tata Nexon,Tata,Nexon,2013,2.53,113993,Electric,Individual,Manual,Second Owner,17.0,1199.0,72.6,7
Mahindra Scorpio,Mahindra,Scorpio,2019,4.84,137676,Diesel,Individual,Automatic,First Owner,15.7,1334.0,93.5,5
Mahindra Scorpio,Mahindra,Scorpio,2016,2.69,132570,Petrol,Individual,Manual,First Owner,17.8,1141.0,63.0,5
Volkswagen Polo,Volkswagen,Polo,2012,2.63,154582,Diesel,Individual,Manual,First Owner,21.3,,53.7,5
Hyundai Grand i10,Hyundai,Grand i10,2012,2.23,149178,Petrol,Individual,Manual,First Owner,18.4,1124.0,64.3,7
Ford EcoSport,Ford,EcoSport,2019,3.22,68927,Petrol,Individual,Manual,Second Owner,17.3,1069.0,80.4,5
Ford EcoSport,Ford,EcoSport,2024,6.94,86605,Petrol,Dealer,Automatic,First Owner,19.0,836.0,64.2,7
Tata Nexon,Tata,Nexon,2018,2.7,78951,Petrol,Trustmark Dealer,Manual,First Owner,18.6,1001.0,73.7,5
Toyota Innova,Toyota,Innova,2017,4.65,110232,Electric,Dealer,Manual,First Owner,16.1,1247.0,95.4,7
Maruti Wagon R,Maruti,Wagon R,2013,2.7,93933,Electric,Individual,Automatic,First Owner,19.1,803.0,56.6,5
Hyundai Grand i10,Hyundai,Grand i10,2020,5.05,39601,Petrol,Dealer,Manual,First Owner,21.0,951.0,72.2,5
Honda WR-V,Honda,WR-V,2012,2.69,143502,Diesel,Individual,Manual,First Owner,14.9,1742.0,111.3,7
Maruti Dzire,Maruti,Dzire,2022,3.51,53699,Petrol,Individual,Automatic,Second Owner,17.0,800.0,58.3,5
Maruti Wagon R,Maruti,Wagon R,2022,4.69,27738,Petrol,Trustmark Dealer,Manual,First Owner,20.7,1136.0,87.9,5
Renault Triber,Renault,Triber,2024,5.67,70393,Petrol,Dealer,Manual,First Owner,21.4,800.0,75.7,7
Mahindra Scorpio,Mahindra,Scorpio,2015,2.96,163641,Petrol,Individual,Automatic,First Owner,17.0,937.0,63.1,7
Honda Amaze,Honda,Amaze,2014,2.62,154070,Petrol,Trustmark Dealer,Manual,First Owner,18.0,1131.0,83.9,5
Renault Kiger,Renault,Kiger,2015,2.02,111339,Petrol,Individual,Manual,First Owner,18.7,854.0,64.5,5
Mahindra Bolero,Mahindra,Bolero,2022,6.13,71694,Petrol,Individual,Manual,First Owner,18.6,1401.0,94.7,5
Maruti Dzire,Maruti,Dzire,2014,1.69,143029,Petrol,Individual,Manual,Third Owner,15.0,1673.0,109.0,5
Tata Tiago,Tata,Tiago,2023,4.96,89686,CNG,Individual,Manual,Third Owner,16.5,1495.0,94.6,5
Tata Nexon,Tata,Nexon,2014,2.26,115942,Petrol,Trustmark Dealer,Manual,Second Owner,16.0,1559.0,72.1,7
Maruti Swift,Maruti,Swift,2012,1.87,137251,Petrol,Individual,Manual,Second Owner,17.6,800.0,71.3,5
Volkswagen Vento,Volkswagen,Vento,2014,2.87,130113,Petrol,Individual,Automatic,First Owner,21.6,1115.0,70.8,5
Tata Tiago,Tata,Tiago,2021,3.81,90185,Petrol,Dealer,Manual,First Owner,18.7,,88.1,5
Tata Altroz,Tata,Altroz,2019,2.96,88072,Petrol,Dealer,Manual,First Owner,15.1,1505.0,96.0,7
Maruti Dzire,Maruti,Dzire,2016,2.11,107858,Petrol,Trustmark Dealer,Automatic,Second Owner,15.3,1814.0,108.5,5
Maruti Wagon R,Maruti,Wagon R,2020,3.39,114856,Diesel,Trustmark Dealer,Automatic,First Owner,18.2,1574.0,103.5,5
Kia Seltos,Kia,Seltos,2020,6.88,111109,Diesel,Trustmark Dealer,Automatic,First Owner,16.7,1514.0,97.9,5
Maruti Wagon R,Maruti,Wagon R,2019,3.03,101503,Diesel,Dealer,Automatic,First Owner,16.3,2122.0,,5
Hyundai Verna,Hyundai,Verna,2018,3.53,135320,Diesel,Individual,Manual,First Owner,24.0,1234.0,84.1,5
Hyundai Grand i10,Hyundai,Grand i10,2013,2.34,121498,Petrol,Trustmark Dealer,Manual,Second Owner,18.6,1099.0,75.2,5
Honda WR-V,Honda,WR-V,2015,3.16,152705,Petrol,Individual,Automatic,First Owner,16.8,1262.0,91.8,5
Toyota Etios,Toyota,Etios,2018,5.3,109435,Petrol,Individual,Manual,First Owner,18.1,880.0,52.7,5
Honda WR-V,Honda,WR-V,2013,2.1,201962,Petrol,Individual,Manual,First Owner,13.8,1224.0,75.9,5
Maruti Swift,Maruti,Swift,2018,3.25,71265,Petrol,Individual,Automatic,Second Owner,23.1,800.0,64.8,5
Hyundai Verna,Hyundai,Verna,2013,2.56,114834,Petrol,Dealer,Manual,First Owner,18.7,1015.0,65.7,5
Renault Triber,Renault,Triber,2022,4.71,80713,Diesel,Trustmark Dealer,Manual,First Owner,20.3,1160.0,71.6,5
Toyota Innova,Toyota,Innova,2013,3.99,138739,Petrol,Individual,Manual,First Owner,18.6,1532.0,94.5,5
Toyota Etios,Toyota,Etios,2013,3.93,172903,Petrol,Individual,Manual,First Owner,14.0,1589.0,101.6,5
Ford Endeavour,Ford,Endeavour,2020,4.55,69795,Diesel,Individual,Manual,Second Owner,18.3,863.0,61.7,5
Volkswagen Vento,Volkswagen,Vento,2014,2.32,143408,Petrol,Dealer,Manual,First Owner,17.8,1927.0,119.3,7
Maruti Wagon R,Maruti,Wagon R,2016,2.08,136074,Diesel,Individual,Automatic,Third Owner,17.9,1252.0,75.6,5
Tata Harrier,Tata,Harrier,2016,2.22,126002,CNG,Individual,Manual,First Owner,16.5,1284.0,91.8,5
Honda Jazz,Honda,Jazz,2014,3.29,102358,Electric,Dealer,Manual,First Owner,18.5,800.0,69.6,7
Hyundai Creta,Hyundai,Creta,2021,5.33,108970,Petrol,Individual,Automatic,Third Owner,19.3,983.0,53.8,5
Renault Duster,Renault,Duster,2020,3.83,111545,Petrol,Individual,Automatic,First Owner,19.3,1567.0,88.8,7
Honda Jazz,Honda,Jazz,2015,2.67,130190,Diesel,Individual,Manual,Second Owner,19.4,1259.0,92.3,7
Volkswagen Virtus,Volkswagen,Virtus,2020,4.42,88995,Diesel,Individual,Manual,First Owner,18.5,1238.0,95.6,5
Renault Duster,Renault,Duster,2021,3.77,82974,Diesel,Dealer,Manual,First Owner,21.1,1280.0,68.4,5
Honda Jazz,Honda,Jazz,2019,4.64,89267,Petrol,Individual,Automatic,First Owner,23.3,800.0,65.5,7
Kia EV6,Kia,EV6,2019,4.94,105097,Petrol,Individual,Manual,First Owner,19.2,1166.0,92.2,5
Toyota Fortuner,Toyota,Fortuner,2024,11.03,59184,Petrol,Dealer,Manual,Second Owner,21.1,1693.0,101.2,5
Renault Kiger,Renault,Kiger,2017,2.63,85332,Petrol,Dealer,Automatic,First Owner,15.7,1580.0,114.5,5
Hyundai Creta,Hyundai,Creta,2017,2.82,80930,Petrol,Individual,Manual,First Owner,20.8,1156.0,77.2,5
Honda Amaze,Honda,Amaze,2019,4.29,74455,CNG,Dealer,Manual,First Owner,14.5,1747.0,113.6,7
Honda Amaze,Honda,Amaze,2022,5.85,76386,Petrol,Individual,Automatic,First Owner,22.4,800.0,53.2,5
Maruti Swift,Maruti,Swift,2021,4.37,77406,Diesel,Individual,Automatic,First Owner,19.7,860.0,70.3,5
Tata Altroz,Tata,Altroz,2012,2.15,141237,CNG,Dealer,Manual,Third Owner,15.6,1852.0,123.5,5
Kia Sonet,Kia,Sonet,2017,3.73,115017,Petrol,Individual,Manual,First Owner,22.0,1402.0,105.9,5
Toyota Innova,Toyota,Innova,2021,9.08,64198,Petrol,Individual,Manual,First Owner,20.8,1099.0,,5
Maruti Dzire,Maruti,Dzire,2014,1.94,155744,Diesel,Dealer,Manual,First Owner,19.4,1181.0,79.9,5
Hyundai Verna,Hyundai,Verna,2024,6.59,52610,Petrol,Dealer,Manual,First Owner,18.4,918.0,90.4,5
Maruti Swift,Maruti,Swift,2022,4.25,61964,Petrol,Trustmark Dealer,Manual,First Owner,18.2,1297.0,97.1,5
Maruti Swift,Maruti,Swift,2023,5.43,75612,Diesel,Dealer,Manual,Second Owner,15.9,1269.0,89.1,7
Kia EV6,Kia,EV6,2013,3.71,89596,Diesel,Individual,Manual,First Owner,20.1,1207.0,73.4,5
Tata Altroz,Tata,Altroz,2019,3.53,73608,Diesel,Dealer,Manual,Second Owner,22.3,800.0,46.8,5
Hyundai Creta,Hyundai,Creta,2018,3.8,119083,Electric,Individual,Manual,First Owner,17.5,1293.0,,5
Toyota Innova,Toyota,Innova,2020,7.61,46276,Petrol,Dealer,Manual,First Owner,22.7,1015.0,63.4,5
Maruti Dzire,Maruti,Dzire,2023,4.5,89586,Diesel,Individual,Manual,Second Owner,23.3,855.0,73.0,5
Hyundai Creta,Hyundai,Creta,2016,2.44,143745,Diesel,Individual,Manual,Second Owner,16.2,1643.0,109.3,5
Ford Endeavour,Ford,Endeavour,2018,3.36,89371,Diesel,Individual,Manual,Second Owner,15.2,1959.0,117.8,5
Toyota Fortuner,Toyota,Fortuner,2020,8.86,90919,Diesel,Dealer,Automatic,First Owner,13.4,1880.0,117.3,5
Mahindra Thar,Mahindra,Thar,2021,6.93,102619,Diesel,Individual,Automatic,Third Owner,16.5,1428.0,91.5,5
Toyota Fortuner,Toyota,Fortuner,2022,8.13,61230,CNG,Dealer,Manual,Second Owner,16.7,1107.0,82.3,5
Tata Tiago,Tata,Tiago,2016,2.46,129591,Petrol,Dealer,Manual,Second Owner,,1175.0,72.6,5
Volkswagen Taigun,Volkswagen,Taigun,2024,7.9,43734,Diesel,Dealer,Automatic,Second Owner,17.3,1342.0,91.6,5
Kia Sonet,Kia,Sonet,2012,3.67,125992,Petrol,Individual,Manual,Third Owner,15.8,1053.0,75.3,7
Ford Figo,Ford,Figo,2018,3.49,79914,Diesel,Individual,Automatic,First Owner,16.9,1662.0,99.6,5
Mahindra XUV500,Mahindra,XUV500,2019,3.86,98538,Diesel,Trustmark Dealer,Manual,Second Owner,22.6,800.0,71.7,5
Volkswagen Taigun,Volkswagen,Taigun,2012,2.18,161975,Diesel,Individual,Manual,Second Owner,18.9,1096.0,72.9,5
Renault Triber,Renault,Triber,2017,2.19,99949,Petrol,Individual,Manual,Second Owner,11.4,1480.0,88.5,5
Maruti Swift,Maruti,Swift,2019,3.11,63032,Petrol,Trustmark Dealer,Manual,Second Owner,19.5,904.0,,5
Ford Figo,Ford,Figo,2019,3.73,67180,Petrol,Individual,Manual,First Owner,16.0,1116.0,76.8,5
Tata Altroz,Tata,Altroz,2013,2.33,138681,Petrol,Individual,Automatic,First Owner,16.0,1408.0,95.7,5
Honda Jazz,Honda,Jazz,2015,2.77,157570,Petrol,Individual,Manual,First Owner,18.3,1731.0,100.7,7
Toyota Innova,Toyota,Innova,2015,4.0,125661,CNG,Individual,Manual,Second Owner,15.7,800.0,65.5,5
Mahindra Bolero,Mahindra,Bolero,2020,5.11,75988,Petrol,Individual,Manual,Second Owner,18.9,,76.4,5
Mahindra Scorpio,Mahindra,Scorpio,2016,4.32,127356,Electric,Dealer,Automatic,Second Owner,21.8,869.0,52.7,5
Hyundai Creta,Hyundai,Creta,2019,3.8,85731,Petrol,Individual,Manual,Second Owner,19.2,800.0,61.8,5
Ford Endeavour,Ford,Endeavour,2021,4.58,69677,Diesel,Dealer,Manual,First Owner,19.0,800.0,52.7,5
Volkswagen Polo,Volkswagen,Polo,2022,6.29,50413,Diesel,Dealer,Manual,First Owner,24.3,860.0,83.8,5
Hyundai Grand i10,Hyundai,Grand i10,2014,2.71,154485,Diesel,Dealer,Manual,First Owner,16.7,1632.0,114.7,5
Maruti Baleno,Maruti,Baleno,2023,5.94,9137,Diesel,Individual,Automatic,Second Owner,20.8,1091.0,77.3,5
Maruti Wagon R,Maruti,Wagon R,2014,1.92,141052,Diesel,Dealer,Manual,First Owner,19.3,1211.0,71.8,5
Volkswagen Virtus,Volkswagen,Virtus,2012,2.73,126297,CNG,Individual,Manual,Second Owner,,866.0,54.7,5
Honda Amaze,Honda,Amaze,2012,3.44,127472,Diesel,Dealer,Automatic,Third Owner,19.6,1422.0,99.2,5
Mahindra Scorpio,Mahindra,Scorpio,2014,2.67,160730,Petrol,Individual,Manual,First Owner,18.5,1857.0,106.2,5
Tata Altroz,Tata,Altroz,2023,5.13,49289,Petrol,Dealer,Manual,Second Owner,16.7,889.0,53.2,5
Mahindra XUV500,Mahindra,XUV500,2014,3.23,108538,Diesel,Individual,Manual,First Owner,14.9,1804.0,114.3,5
Tata Tiago,Tata,Tiago,2021,4.6,75131,Petrol,Dealer,Automatic,First Owner,17.5,1328.0,89.1,5
Volkswagen Taigun,Volkswagen,Taigun,2017,2.88,113104,Petrol,Individual,Manual,First Owner,17.4,1206.0,84.4,5
Maruti Swift,Maruti,Swift,2012,2.04,126779,Diesel,Individual,Manual,First Owner,19.5,1340.0,85.2,5
Honda WR-V,Honda,WR-V,2017,3.77,69375,Petrol,Dealer,Manual,First Owner,18.1,1337.0,95.9,5
Volkswagen Polo,Volkswagen,Polo,2012,3.04,117454,Diesel,Individual,Manual,First Owner,18.6,1850.0,,5
Kia Sonet,Kia,Sonet,2018,4.17,125689,Diesel,Dealer,Manual,First Owner,19.5,1382.0,96.0,5
Renault Kwid,Renault,Kwid,2019,3.16,92645,Diesel,Dealer,Manual,First Owner,20.0,1389.0,93.1,7
Maruti Swift,Maruti,Swift,2018,2.14,107423,Diesel,Dealer,Manual,First Owner,16.8,1052.0,77.7,5
Tata Tiago,Tata,Tiago,2015,1.9,111248,CNG,Dealer,Manual,First Owner,15.1,1494.0,106.6,5
Maruti Swift,Maruti,Swift,2021,4.37,63491,Diesel,Dealer,Automatic,Second Owner,18.7,865.0,58.9,5
Maruti Dzire,Maruti,Dzire,2019,2.8,127906,Electric,Trustmark Dealer,Manual,First Owner,20.8,1238.0,77.8,5
Ford Endeavour,Ford,Endeavour,2015,3.08,112859,Petrol,Individual,Automatic,First Owner,10.8,2209.0,123.0,5
Ford Figo,Ford,Figo,2017,2.89,94245,Diesel,Individual,Manual,Third Owner,18.7,800.0,45.0,5
Volkswagen Virtus,Volkswagen,Virtus,2013,2.44,154115,Diesel,Dealer,Manual,Second Owner,15.6,1282.0,84.1,5
Renault Kwid,Renault,Kwid,2024,5.52,42608,Petrol,Individual,Manual,Second Owner,23.3,1295.0,85.4,5
Ford Endeavour,Ford,Endeavour,2021,5.28,64915,Petrol,Individual,Manual,Second Owner,18.5,1120.0,67.9,5
Volkswagen Virtus,Volkswagen,Virtus,2015,3.0,117225,Diesel,Individual,Manual,First Owner,19.8,1128.0,70.1,5
Maruti Baleno,Maruti,Baleno,2020,3.09,84505,Petrol,Individual,Manual,Second Owner,15.9,1232.0,94.9,5
Hyundai Creta,Hyundai,Creta,2020,4.4,90211,CNG,Individual,Automatic,First Owner,20.7,1112.0,83.2,5
Toyota Innova,Toyota,Innova,2019,6.15,137016,Petrol,Dealer,Automatic,First Owner,14.4,1278.0,75.2,5
Renault Kwid,Renault,Kwid,2012,2.01,143897,Petrol,Dealer,Manual,First Owner,17.3,1029.0,68.1,5
Maruti Swift,Maruti,Swift,2023,5.22,12682,Diesel,Dealer,Manual,Second Owner,12.9,1908.0,,5
Honda Amaze,Honda,Amaze,2024,7.33,65678,Petrol,Individual,Manual,First Owner,19.3,1112.0,71.1,5
Ford Endeavour,Ford,Endeavour,2024,8.11,59333,Petrol,Dealer,Automatic,First Owner,15.6,1399.0,85.5,7
Maruti Baleno,Maruti,Baleno,2024,4.68,59455,Diesel,Dealer,Manual,First Owner,22.7,966.0,65.4,5
Tata Harrier,Tata,Harrier,2024,5.81,63910,Petrol,Individual,Manual,Second Owner,17.5,1527.0,107.7,7
Kia Sonet,Kia,Sonet,2021,6.21,77369,Petrol,Individual,Manual,First Owner,15.5,1457.0,104.6,5
Ford Aspire,Ford,Aspire,2012,2.26,135342,Diesel,Individual,Manual,First Owner,19.5,1347.0,83.2,5
Hyundai Verna,Hyundai,Verna,2018,3.24,110986,Diesel,Trustmark Dealer,Manual,First Owner,19.5,840.0,64.9,5
Renault Kiger,Renault,Kiger,2015,2.05,105074,Diesel,Individual,Manual,Second Owner,18.6,937.0,66.5,5
Hyundai Verna,Hyundai,Verna,2014,2.76,102650,Petrol,Individual,Manual,First Owner,16.8,1790.0,105.4,7
Renault Kwid,Renault,Kwid,2022,4.04,138023,Petrol,Individual,Manual,Third Owner,14.9,933.0,63.9,5
Hyundai Verna,Hyundai,Verna,2022,6.74,55751,Electric,Individual,Manual,First Owner,18.6,1424.0,83.2,5
Toyota Etios,Toyota,Etios,2018,5.39,99703,Diesel,Individual,Manual,First Owner,18.7,869.0,72.1,7
Tata Nexon,Tata,Nexon,2021,5.09,45095,Petrol,Dealer,Automatic,First Owner,14.9,1553.0,112.8,5
Hyundai i20,Hyundai,i20,2013,2.48,132562,Diesel,Individual,Manual,First Owner,23.6,960.0,64.5,5
Kia Seltos,Kia,Seltos,2014,3.77,102969,Petrol,Dealer,Automatic,First Owner,19.1,863.0,57.3,5
Maruti Swift,Maruti,Swift,2023,5.08,55265,Diesel,Individual,Manual,First Owner,21.6,951.0,75.7,7
Maruti Dzire,Maruti,Dzire,2017,1.75,126991,Diesel,Individual,Manual,Second Owner,20.0,1006.0,80.1,5
Hyundai i20,Hyundai,i20,2019,4.87,101384,Electric,Dealer,Automatic,First Owner,18.3,1342.0,79.9,5
Ford EcoSport,Ford,EcoSport,2018,3.22,110005,Electric,Dealer,Manual,First Owner,17.7,1224.0,81.1,5
Volkswagen Vento,Volkswagen,Vento,2014,2.81,84533,Petrol,Dealer,Automatic,First Owner,19.9,817.0,59.5,7
Mahindra Scorpio,Mahindra,Scorpio,2022,5.36,111911,Diesel,Individual,Manual,First Owner,21.4,1190.0,74.3,7
Hyundai Grand i10,Hyundai,Grand i10,2021,5.46,51778,Petrol,Individual,Automatic,First Owner,22.4,800.0,62.1,5
Tata Nexon,Tata,Nexon,2020,3.93,118128,Diesel,Dealer,Manual,First Owner,16.1,1425.0,87.8,5
Maruti Dzire,Maruti,Dzire,2016,2.03,132973,Diesel,Individual,Manual,First Owner,14.6,1489.0,92.6,5
Honda City,Honda,City,2020,4.14,97201,Petrol,Dealer,Manual,First Owner,17.2,1192.0,79.7,7
Mahindra Scorpio,Mahindra,Scorpio,2024,8.88,39690,Petrol,Individual,Automatic,Third Owner,19.8,,74.3,5
Ford Figo,Ford,Figo,2020,5.0,87834,Petrol,Individual,Automatic,Second Owner,17.3,1813.0,98.3,7
Toyota Glanza,Toyota,Glanza,2018,5.22,87139,Petrol,Dealer,Manual,Second Owner,19.7,1145.0,85.3,5
Tata Nexon,Tata,Nexon,2015,2.39,117638,Petrol,Dealer,Automatic,First Owner,16.9,870.0,,5
Kia Sonet,Kia,Sonet,2018,4.27,92002,CNG,Dealer,Automatic,Second Owner,18.7,1403.0,109.2,5
Honda Jazz,Honda,Jazz,2016,2.71,65650,Petrol,Dealer,Manual,First Owner,23.1,804.0,75.0,5
Maruti Wagon R,Maruti,Wagon R,2019,2.94,115679,Diesel,Individual,Manual,First Owner,19.1,1126.0,72.9,5
Tata Altroz,Tata,Altroz,2012,2.44,134715,Diesel,Dealer,Manual,Second Owner,23.5,990.0,88.2,5
Maruti Swift,Maruti,Swift,2014,1.9,112834,Diesel,Trustmark Dealer,Manual,First Owner,17.1,954.0,75.0,5
Hyundai Grand i10,Hyundai,Grand i10,2022,6.84,59172,Petrol,Individual,Manual,First Owner,20.2,1112.0,71.0,5
Maruti Dzire,Maruti,Dzire,2016,2.13,118386,CNG,Individual,Automatic,Second Owner,14.5,,77.7,5
Tata Harrier,Tata,Harrier,2017,2.38,84337,Diesel,Trustmark Dealer,Manual,First Owner,18.3,1587.0,107.8,5
Toyota Glanza,Toyota,Glanza,2019,7.92,41386,Diesel,Individual,Manual,First Owner,17.8,1524.0,99.1,5
Hyundai Creta,Hyundai,Creta,2017,2.44,112956,CNG,Trustmark Dealer,Manual,First Owner,21.3,1318.0,90.9,5
Tata Tiago,Tata,Tiago,2021,4.58,89420,Diesel,Individual,Manual,First Owner,19.8,1110.0,74.2,5
Mahindra Thar,Mahindra,Thar,2015,2.59,112608,Petrol,Dealer,Manual,Third Owner,19.7,800.0,49.8,5
Volkswagen Virtus,Volkswagen,Virtus,2021,4.63,52746,CNG,Dealer,Manual,First Owner,16.6,1329.0,84.7,7
Honda WR-V,Honda,WR-V,2014,2.82,125456,Petrol,Dealer,Manual,First Owner,20.1,800.0,64.7,5
Hyundai Creta,Hyundai,Creta,2016,2.72,78280,Diesel,Dealer,Manual,First Owner,19.5,800.0,56.2,7
Kia Seltos,Kia,Seltos,2019,6.19,68400,Petrol,Individual,Manual,Second Owner,21.3,1143.0,75.0,5
Hyundai Verna,Hyundai,Verna,2023,6.36,48484,Petrol,Dealer,Automatic,Second Owner,20.4,1293.0,74.0,5
Hyundai Verna,Hyundai,Verna,2015,2.13,135566,Petrol,Trustmark Dealer,Manual,First Owner,16.2,1042.0,73.0,5
Kia Carens,Kia,Carens,2019,5.22,83022,Petrol,Trustmark Dealer,Manual,Third Owner,15.4,1737.0,101.6,5
Honda Jazz,Honda,Jazz,2012,3.8,126646,Electric,Trustmark Dealer,Manual,First Owner,17.6,1362.0,97.3,5
Volkswagen Polo,Volkswagen,Polo,2012,2.39,179503,Petrol,Dealer,Manual,Second Owner,17.3,1113.0,70.3,7
Toyota Etios,Toyota,Etios,2021,9.83,85754,Diesel,Dealer,Automatic,First Owner,16.5,1685.0,105.3,5
Toyota Fortuner,Toyota,Fortuner,2021,8.7,85457,Petrol,Individual,Manual,First Owner,18.2,1748.0,128.5,5
Hyundai i20,Hyundai,i20,2016,3.18,102366,Electric,Dealer,Automatic,First Owner,19.1,1379.0,88.4,5
Hyundai Grand i10,Hyundai,Grand i10,2020,5.93,71379,Petrol,Dealer,Automatic,Third Owner,22.5,929.0,62.6,5
Hyundai i20,Hyundai,i20,2016,2.86,62399,Petrol,Individual,Manual,Second Owner,18.0,1007.0,75.1,5
Maruti Swift,Maruti,Swift,2015,1.83,138312,Petrol,Individual,Manual,First Owner,20.6,800.0,45.0,5
Kia Sonet,Kia,Sonet,2017,4.21,113862,Diesel,Dealer,Manual,First Owner,16.9,1185.0,90.2,5
Hyundai Grand i10,Hyundai,Grand i10,2016,2.9,106558,Electric,Individual,Automatic,First Owner,20.9,832.0,68.7,5
Honda City,Honda,City,2022,6.35,68481,Electric,Individual,Manual,First Owner,19.6,1085.0,78.9,7
Volkswagen Vento,Volkswagen,Vento,2017,2.55,120195,Petrol,Individual,Manual,First Owner,19.7,1291.0,59.0,5
Volkswagen Vento,Volkswagen,Vento,2016,2.87,76296,Petrol,Dealer,Manual,First Owner,23.2,800.0,56.9,5
Tata Altroz,Tata,Altroz,2018,2.55,84522,Petrol,Trustmark Dealer,Manual,First Owner,21.9,800.0,48.8,5
Tata Tiago,Tata,Tiago,2021,4.51,53001,Petrol,Dealer,Manual,First Owner,17.6,1023.0,80.3,5
Mahindra Scorpio,Mahindra,Scorpio,2015,2.76,155973,Diesel,Trustmark Dealer,Manual,Second Owner,15.7,1182.0,88.4,5
Ford Figo,Ford,Figo,2024,5.37,77764,Petrol,Dealer,Manual,First Owner,20.3,1027.0,74.6,5
Renault Duster,Renault,Duster,2018,3.14,49040,Diesel,Individual,Automatic,First Owner,21.9,1105.0,66.2,5
Kia Sonet,Kia,Sonet,2020,6.65,51197,CNG,Individual,Manual,First Owner,19.7,953.0,79.4,7
Volkswagen Virtus,Volkswagen,Virtus,2024,5.89,55588,Petrol,Individual,Manual,First Owner,17.5,800.0,56.9,7
Maruti Baleno,Maruti,Baleno,2017,2.32,93606,Petrol,Individual,Manual,First Owner,23.5,1013.0,85.2,5
Honda City,Honda,City,2014,3.19,94363,Petrol,Dealer,Automatic,Second Owner,19.7,1125.0,79.0,5
Maruti Baleno,Maruti,Baleno,2021,3.57,120784,Petrol,Individual,Manual,First Owner,19.3,1091.0,79.1,5
Toyota Innova,Toyota,Innova,2012,4.32,143375,Petrol,Trustmark Dealer,Automatic,First Owner,15.8,1239.0,79.5,5
Mahindra Thar,Mahindra,Thar,2017,2.93,114445,Diesel,Dealer,Manual,Second Owner,17.5,1347.0,100.3,5
Honda WR-V,Honda,WR-V,2024,7.81,43275,Petrol,Individual,Automatic,First Owner,18.4,1439.0,99.0,7
Tata Tiago,Tata,Tiago,2017,2.51,119890,Diesel,Trustmark Dealer,Manual,First Owner,20.6,978.0,80.3,7
Maruti Dzire,Maruti,Dzire,2020,3.12,76130,CNG,Trustmark Dealer,Manual,Second Owner,19.2,800.0,60.4,5
Mahindra Scorpio,Mahindra,Scorpio,2018,3.85,91266,CNG,Dealer,Manual,First Owner,15.7,1645.0,105.1,5
Maruti Wagon R,Maruti,Wagon R,2014,1.99,136942,Diesel,Dealer,Automatic,First Owner,16.4,1335.0,93.2,5
Maruti Baleno,Maruti,Baleno,2016,2.31,74662,Petrol,Trustmark Dealer,Automatic,Second Owner,23.5,866.0,74.2,5
Hyundai Grand i10,Hyundai,Grand i10,2018,3.25,132634,Petrol,Dealer,Manual,Second Owner,19.6,1297.0,94.5,5
Maruti Swift,Maruti,Swift,2013,1.63,134012,Petrol,Dealer,Manual,First Owner,15.2,1574.0,102.7,7
Tata Nexon,Tata,Nexon,2017,2.67,132180,Electric,Individual,Manual,First Owner,12.6,1805.0,99.4,7
Honda WR-V,Honda,WR-V,2017,3.07,80340,Electric,Individual,Manual,Second Owner,18.4,1288.0,92.3,5
Hyundai Creta,Hyundai,Creta,2022,4.93,51190,Petrol,Individual,Manual,First Owner,15.3,1571.0,89.9,7
Maruti Baleno,Maruti,Baleno,2013,1.82,104438,Petrol,Individual,Manual,First Owner,19.7,800.0,59.3,5
Maruti Wagon R,Maruti,Wagon R,2022,5.06,77006,Petrol,Individual,Manual,First Owner,16.1,1187.0,79.4,5
Tata Altroz,Tata,Altroz,2017,2.49,105451,Petrol,Individual,Manual,Second Owner,17.0,1083.0,63.2,5
Maruti Wagon R,Maruti,Wagon R,2020,4.75,74282,Electric,Individual,Automatic,First Owner,18.0,1320.0,90.6,5
Ford Figo,Ford,Figo,2019,4.06,68690,Petrol,Individual,Manual,First Owner,14.7,1764.0,129.3,5
Hyundai Grand i10,Hyundai,Grand i10,2015,2.7,89134,Petrol,Individual,Manual,First Owner,22.8,1287.0,83.3,5
Hyundai i20,Hyundai,i20,2024,7.21,57433,Petrol,Dealer,Manual,First Owner,21.3,872.0,69.1,5
Tata Harrier,Tata,Harrier,2014,2.11,113257,Petrol,Dealer,Manual,Second Owner,18.3,800.0,77.8,5
Tata Altroz,Tata,Altroz,2012,2.36,121416,Petrol,Dealer,Manual,First Owner,12.1,1776.0,119.6,5
Maruti Baleno,Maruti,Baleno,2021,3.88,112035,CNG,Individual,Manual,First Owner,18.1,1380.0,85.7,5
Maruti Dzire,Maruti,Dzire,2020,3.53,82688,Petrol,Dealer,Manual,Second Owner,16.7,1357.0,91.5,5
Renault Duster,Renault,Duster,2023,5.52,92940,Diesel,Individual,Manual,First Owner,21.7,1080.0,78.2,5
Maruti Swift,Maruti,Swift,2017,2.15,92268,Petrol,Individual,Manual,First Owner,18.4,1294.0,97.6,5
Honda Amaze,Honda,Amaze,2012,2.9,141885,Petrol,Individual,Manual,First Owner,16.3,855.0,71.7,7
Honda City,Honda,City,2012,2.53,135279,Petrol,Trustmark Dealer,Manual,Second Owner,15.5,1336.0,66.3,5
Hyundai Creta,Hyundai,Creta,2017,3.31,66652,Petrol,Trustmark Dealer,Manual,Second Owner,19.2,800.0,52.2,5
Tata Nexon,Tata,Nexon,2015,2.18,148423,Petrol,Dealer,Manual,Second Owner,19.9,1074.0,73.5,7
Volkswagen Taigun,Volkswagen,Taigun,2023,5.91,62026,Petrol,Dealer,Manual,First Owner,17.5,975.0,60.5,7
Renault Kwid,Renault,Kwid,2013,1.8,146421,Diesel,Individual,Manual,First Owner,,800.0,45.0,5
Hyundai Creta,Hyundai,Creta,2023,6.16,48455,Diesel,Dealer,Manual,First Owner,16.3,1079.0,68.5,5
Hyundai Grand i10,Hyundai,Grand i10,2014,2.52,119873,CNG,Individual,Automatic,Third Owner,20.1,885.0,63.6,5
Hyundai Verna,Hyundai,Verna,2013,2.52,110929,Petrol,Individual,Manual,First Owner,19.5,1126.0,72.7,5
Tata Harrier,Tata,Harrier,2015,1.98,144191,Diesel,Trustmark Dealer,Manual,First Owner,21.3,1201.0,73.1,5
Ford Aspire,Ford,Aspire,2013,2.73,136851,Diesel,Trustmark Dealer,Manual,Second Owner,15.4,1819.0,115.4,5
Hyundai Grand i10,Hyundai,Grand i10,2017,2.73,112075,Petrol,Individual,Manual,First Owner,16.1,1307.0,89.6,5
Hyundai Grand i10,Hyundai,Grand i10,2016,2.45,140380,Petrol,Individual,Manual,First Owner,20.7,1317.0,83.7,5
Kia EV6,Kia,EV6,2018,3.98,122939,Petrol,Individual,Manual,First Owner,17.0,1373.0,101.5,5
Maruti Baleno,Maruti,Baleno,2018,2.39,114337,Diesel,Individual,Manual,First Owner,18.2,1505.0,98.2,5
Tata Harrier,Tata,Harrier,2012,1.86,105221,Petrol,Individual,Manual,Third Owner,16.2,1359.0,82.8,5
Ford Aspire,Ford,Aspire,2013,2.69,114695,Petrol,Dealer,Manual,First Owner,18.0,1299.0,77.4,5
Maruti Wagon R,Maruti,Wagon R,2014,2.01,101414,Electric,Individual,Manual,Third Owner,15.3,1449.0,93.0,5
Maruti Swift,Maruti,Swift,2014,1.61,139505,Petrol,Individual,Manual,First Owner,,,67.9,5
Maruti Wagon R,Maruti,Wagon R,2013,2.43,133754,Electric,Individual,Manual,First Owner,15.9,1931.0,114.6,5
Kia Seltos,Kia,Seltos,2016,4.13,79908,Diesel,Dealer,Manual,Second Owner,,1756.0,116.3,5
Maruti Wagon R,Maruti,Wagon R,2019,3.08,86847,Diesel,Individual,Manual,Second Owner,16.8,1276.0,85.9,5
Maruti Dzire,Maruti,Dzire,2016,2.18,77629,Diesel,Individual,Manual,First Owner,21.3,800.0,74.9,5
Maruti Wagon R,Maruti,Wagon R,2016,2.33,109330,Petrol,Dealer,Automatic,Second Owner,14.3,1624.0,107.4,5
Maruti Wagon R,Maruti,Wagon R,2018,2.98,61081,Diesel,Dealer,Automatic,Second Owner,16.6,957.0,62.0,5
Toyota Etios,Toyota,Etios,2019,6.27,102634,Diesel,Individual,Automatic,Second Owner,18.0,,97.2,5
Hyundai Verna,Hyundai,Verna,2016,2.77,118815,Diesel,Dealer,Manual,First Owner,20.3,800.0,65.2,5
Honda Amaze,Honda,Amaze,2014,2.64,165474,Petrol,Individual,Manual,First Owner,13.7,1979.0,120.7,5
Toyota Innova,Toyota,Innova,2017,5.03,122653,Petrol,Dealer,Automatic,First Owner,21.6,800.0,49.7,5
Renault Triber,Renault,Triber,2012,1.83,127195,Petrol,Individual,Manual,First Owner,19.5,1224.0,86.6,7
Maruti Baleno,Maruti,Baleno,2018,2.42,115497,Petrol,Trustmark Dealer,Automatic,First Owner,20.2,800.0,59.5,5
Renault Kwid,Renault,Kwid,2024,6.19,27751,Diesel,Trustmark Dealer,Manual,First Owner,16.2,1186.0,68.1,5
Toyota Glanza,Toyota,Glanza,2017,4.87,82825,Diesel,Dealer,Automatic,First Owner,17.9,1051.0,74.8,5
Maruti Wagon R,Maruti,Wagon R,2013,1.59,137329,Diesel,Trustmark Dealer,Manual,First Owner,17.3,1598.0,97.8,5
Volkswagen Taigun,Volkswagen,Taigun,2021,5.62,30518,Diesel,Individual,Manual,First Owner,19.4,1051.0,60.7,7
Renault Triber,Renault,Triber,2013,2.19,129182,Petrol,Dealer,Manual,First Owner,15.0,1599.0,100.1,5
Hyundai i20,Hyundai,i20,2014,2.56,101054,Petrol,Individual,Manual,First Owner,18.8,842.0,,7
Kia Carens,Kia,Carens,2013,3.55,132228,Petrol,Individual,Manual,First Owner,20.1,1101.0,85.2,5
Tata Harrier,Tata,Harrier,2023,6.38,41289,Petrol,Individual,Automatic,Second Owner,18.4,1108.0,83.5,5
Toyota Etios,Toyota,Etios,2024,10.98,67833,Petrol,Dealer,Manual,First Owner,18.9,1373.0,92.7,5
Mahindra Bolero,Mahindra,Bolero,2019,4.4,91425,Petrol,Dealer,Manual,First Owner,19.4,1329.0,92.9,7
Tata Tiago,Tata,Tiago,2020,4.1,115308,Petrol,Dealer,Manual,First Owner,16.3,1453.0,95.7,5
Renault Triber,Renault,Triber,2020,3.45,84648,Diesel,Individual,Manual,First Owner,19.7,1293.0,77.3,5
Hyundai Grand i10,Hyundai,Grand i10,2019,4.2,74089,Petrol,Trustmark Dealer,Manual,First Owner,17.3,1431.0,86.5,7
Volkswagen Taigun,Volkswagen,Taigun,2019,3.44,85568,Petrol,Dealer,Manual,First Owner,20.6,886.0,58.9,5
Toyota Fortuner,Toyota,Fortuner,2024,12.07,28926,Petrol,Dealer,Automatic,First Owner,13.2,1336.0,99.7,5
Hyundai Grand i10,Hyundai,Grand i10,2021,5.83,86935,Diesel,Individual,Manual,Second Owner,13.3,1763.0,120.6,5
Tata Altroz,Tata,Altroz,2013,1.96,142976,Diesel,Individual,Manual,First Owner,18.7,800.0,50.4,7
Hyundai Creta,Hyundai,Creta,2017,2.7,158322,Petrol,Dealer,Automatic,First Owner,16.7,1371.0,90.8,5
Maruti Swift,Maruti,Swift,2024,6.23,44819,Petrol,Trustmark Dealer,Manual,First Owner,17.2,1437.0,90.8,5
Maruti Swift,Maruti,Swift,2017,2.89,98108,Electric,Individual,Automatic,First Owner,,1711.0,107.9,7
Hyundai i20,Hyundai,i20,2014,2.55,110833,Diesel,Individual,Manual,First Owner,17.5,1454.0,90.7,5
Maruti Baleno,Maruti,Baleno,2023,4.66,69666,Diesel,Individual,Manual,Second Owner,16.8,1235.0,94.2,5
Maruti Baleno,Maruti,Baleno,2020,3.23,92897,Petrol,Individual,Manual,First Owner,18.9,1351.0,89.2,5
Ford Figo,Ford,Figo,2019,4.13,89825,Diesel,Dealer,Manual,First Owner,23.4,943.0,68.6,5
Ford Aspire,Ford,Aspire,2017,2.25,127899,CNG,Individual,Manual,First Owner,18.4,1064.0,75.3,5
Ford Endeavour,Ford,Endeavour,2013,2.12,116426,Petrol,Individual,Manual,First Owner,19.2,800.0,50.8,5
Hyundai Grand i10,Hyundai,Grand i10,2016,2.81,132195,Diesel,Dealer,Manual,Second Owner,14.1,1720.0,110.5,5
Kia EV6,Kia,EV6,2017,3.23,115846,Petrol,Individual,Manual,First Owner,17.6,1358.0,98.2,5
Toyota Innova,Toyota,Innova,2024,11.76,58235,Diesel,Individual,Automatic,First Owner,19.1,879.0,75.1,5
Maruti Wagon R,Maruti,Wagon R,2015,1.9,110071,Petrol,Dealer,Manual,First Owner,14.3,1295.0,77.0,5
Maruti Dzire,Maruti,Dzire,2013,1.86,183386,Petrol,Individual,Automatic,Second Owner,13.2,1606.0,91.2,5
Ford Figo,Ford,Figo,2017,3.02,86025,Electric,Trustmark Dealer,Automatic,First Owner,18.4,1547.0,100.6,5
Maruti Baleno,Maruti,Baleno,2024,5.66,65054,CNG,Dealer,Automatic,Third Owner,22.7,875.0,72.0,5
Honda Jazz,Honda,Jazz,2018,4.04,80995,Petrol,Trustmark Dealer,Automatic,Third Owner,23.8,800.0,61.9,5
Mahindra Thar,Mahindra,Thar,2016,2.96,149783,Electric,Individual,Manual,Second Owner,18.0,1338.0,94.0,7
Maruti Swift,Maruti,Swift,2020,3.54,104010,Petrol,Dealer,Manual,First Owner,18.1,890.0,53.1,7
Maruti Baleno,Maruti,Baleno,2020,3.49,69576,Petrol,Individual,Manual,Second Owner,16.2,1418.0,88.4,7
Mahindra Bolero,Mahindra,Bolero,2015,2.83,128277,CNG,Dealer,Automatic,First Owner,13.5,1533.0,81.7,5
Toyota Etios,Toyota,Etios,2024,12.56,64169,Petrol,Individual,Manual,Second Owner,13.1,1590.0,101.3,5
Maruti Swift,Maruti,Swift,2019,3.13,79634,Petrol,Individual,Automatic,First Owner,15.4,1811.0,97.3,5
Kia Sonet,Kia,Sonet,2012,3.94,153179,Diesel,Individual,Automatic,First Owner,17.0,1633.0,115.5,5
Kia Sonet,Kia,Sonet,2017,3.69,112564,Petrol,Dealer,Manual,First Owner,18.9,1812.0,127.1,5
Honda City,Honda,City,2023,6.99,69745,Petrol,Dealer,Manual,Second Owner,15.5,1683.0,108.7,5
Toyota Etios,Toyota,Etios,2017,4.32,103077,Petrol,Individual,Manual,Second Owner,12.8,1713.0,97.1,5
Hyundai Creta,Hyundai,Creta,2019,3.83,100483,Diesel,Dealer,Manual,First Owner,18.2,1186.0,83.2,5
Maruti Baleno,Maruti,Baleno,2019,2.8,96046,Petrol,Dealer,Manual,First Owner,20.0,800.0,73.9,5
Toyota Etios,Toyota,Etios,2021,8.89,79300,Petrol,Individual,Automatic,Second Owner,12.5,2069.0,132.6,5
Hyundai Grand i10,Hyundai,Grand i10,2023,7.26,50897,Diesel,Individual,Manual,Second Owner,18.9,1222.0,91.7,7
Ford Aspire,Ford,Aspire,2013,1.98,167262,Petrol,Dealer,Manual,Second Owner,13.5,1630.0,100.8,5
Renault Kwid,Renault,Kwid,2018,2.98,74390,Petrol,Dealer,Automatic,First Owner,19.7,1007.0,63.4,5
Maruti Wagon R,Maruti,Wagon R,2018,2.59,106907,Diesel,Dealer,Manual,First Owner,17.8,1537.0,99.0,5
Toyota Fortuner,Toyota,Fortuner,2013,4.52,122954,Diesel,Dealer,Automatic,Second Owner,23.4,800.0,45.0,5
Hyundai Grand i10,Hyundai,Grand i10,2020,4.48,123210,Petrol,Dealer,Manual,First Owner,19.8,1056.0,91.2,7
Kia Sonet,Kia,Sonet,2013,3.41,110123,CNG,Individual,Automatic,First Owner,20.6,1166.0,80.2,5
Hyundai i20,Hyundai,i20,2017,3.11,87824,Diesel,Trustmark Dealer,Manual,First Owner,16.5,1362.0,96.8,7
Toyota Glanza,Toyota,Glanza,2016,3.94,89164,Petrol,Individual,Manual,First Owner,15.6,1575.0,97.9,5
Honda WR-V,Honda,WR-V,2014,2.57,130616,Diesel,Dealer,Manual,Second Owner,23.2,817.0,47.6,5
Tata Altroz,Tata,Altroz,2022,4.88,41292,Diesel,Dealer,Manual,First Owner,14.3,1431.0,105.1,5
Ford Aspire,Ford,Aspire,2015,2.5,106472,Diesel,Dealer,Manual,First Owner,15.1,1629.0,95.6,5
Ford Figo,Ford,Figo,2015,2.94,69647,Diesel,Dealer,Automatic,First Owner,16.0,2021.0,128.9,5
Honda Amaze,Honda,Amaze,2023,8.62,70289,Diesel,Individual,Automatic,Second Owner,16.5,1447.0,98.1,5
Volkswagen Vento,Volkswagen,Vento,2023,7.31,53995,Electric,Individual,Manual,Second Owner,18.7,1039.0,72.7,7
Mahindra Scorpio,Mahindra,Scorpio,2012,3.09,103762,Diesel,Dealer,Manual,First Owner,20.0,800.0,52.7,5
Tata Tiago,Tata,Tiago,2015,2.3,140883,Diesel,Individual,Automatic,Second Owner,15.0,1840.0,115.0,5
Honda City,Honda,City,2021,6.81,49231,Diesel,Individual,Automatic,First Owner,19.1,1458.0,87.6,5
Maruti Wagon R,Maruti,Wagon R,2022,4.62,89032,CNG,Trustmark Dealer,Manual,Second Owner,20.2,1192.0,87.0,5
Volkswagen Polo,Volkswagen,Polo,2024,8.43,43077,Electric,Individual,Manual,Second Owner,20.6,800.0,63.6,7
Honda City,Honda,City,2019,3.72,126234,Petrol,Individual,Automatic,First Owner,22.3,874.0,62.9,5
Tata Nexon,Tata,Nexon,2012,2.02,152990,Petrol,Individual,Manual,Third Owner,17.8,1421.0,88.6,5
Maruti Baleno,Maruti,Baleno,2023,5.18,42822,Diesel,Dealer,Manual,First Owner,19.4,1324.0,104.7,5
Kia Carens,Kia,Carens,2014,3.64,103324,Petrol,Individual,Automatic,First Owner,18.5,800.0,48.6,5
Tata Harrier,Tata,Harrier,2013,2.67,143321,Diesel,Dealer,Manual,First Owner,20.6,1421.0,80.8,7
Ford Aspire,Ford,Aspire,2020,4.54,78727,Diesel,Individual,Automatic,Second Owner,21.0,800.0,58.3,5
Maruti Swift,Maruti,Swift,2019,2.94,87274,CNG,Individual,Manual,First Owner,10.2,1674.0,105.0,5
Mahindra Bolero,Mahindra,Bolero,2012,2.77,164489,Petrol,Individual,Automatic,First Owner,21.2,1273.0,93.8,5
Maruti Dzire,Maruti,Dzire,2014,2.27,107028,Diesel,Individual,Automatic,First Owner,19.2,1038.0,77.3,5
Maruti Dzire,Maruti,Dzire,2019,3.55,93008,Petrol,Dealer,Automatic,Third Owner,15.6,1547.0,100.3,5
Renault Triber,Renault,Triber,2015,2.22,138001,Petrol,Individual,Automatic,First Owner,16.4,1324.0,91.8,5
Kia EV6,Kia,EV6,2020,6.5,102300,Petrol,Individual,Automatic,First Owner,16.6,1664.0,110.4,5
Hyundai Grand i10,Hyundai,Grand i10,2017,2.55,100488,Petrol,Individual,Manual,First Owner,16.4,1228.0,99.4,7
Tata Harrier,Tata,Harrier,2019,4.1,84644,Petrol,Individual,Automatic,Second Owner,16.9,1249.0,85.7,5
Ford Figo,Ford,Figo,2018,3.69,59246,Diesel,Individual,Automatic,First Owner,17.8,1100.0,70.1,5
Kia EV6,Kia,EV6,2016,3.81,87262,Diesel,Individual,Manual,First Owner,17.2,1292.0,87.6,5
Tata Harrier,Tata,Harrier,2016,1.82,117503,Petrol,Trustmark Dealer,Manual,Third Owner,14.0,1794.0,92.7,5
Honda WR-V,Honda,WR-V,2021,5.22,74966,Petrol,Individual,Manual,First Owner,21.0,1024.0,71.1,5
Volkswagen Polo,Volkswagen,Polo,2018,3.22,99148,Petrol,Individual,Manual,First Owner,17.6,1427.0,102.2,5
Ford EcoSport,Ford,EcoSport,2019,3.36,113863,Electric,Dealer,Manual,Second Owner,20.8,892.0,68.9,5
Volkswagen Taigun,Volkswagen,Taigun,2019,4.24,64878,CNG,Individual,Manual,First Owner,21.8,800.0,61.4,5
Honda WR-V,Honda,WR-V,2014,2.59,118304,Petrol,Dealer,Manual,First Owner,17.7,1273.0,90.2,5
Maruti Wagon R,Maruti,Wagon R,2023,5.37,69151,Petrol,Dealer,Manual,First Owner,15.6,1330.0,97.0,5
Kia Sonet,Kia,Sonet,2019,6.06,75508,Petrol,Dealer,Manual,Second Owner,22.2,1161.0,90.3,7
Renault Kwid,Renault,Kwid,2021,4.12,109492,Diesel,Trustmark Dealer,Automatic,Third Owner,22.4,800.0,62.6,5
Volkswagen Polo,Volkswagen,Polo,2023,6.65,84988,Petrol,Dealer,Manual,First Owner,21.0,1307.0,84.4,7
Maruti Swift,Maruti,Swift,2024,5.63,64882,Petrol,Individual,Manual,First Owner,19.9,1293.0,67.6,5
Hyundai i20,Hyundai,i20,2020,3.9,123973,Petrol,Trustmark Dealer,Manual,First Owner,19.1,889.0,71.7,5
Volkswagen Taigun,Volkswagen,Taigun,2022,5.83,38524,Petrol,Individual,Automatic,First Owner,15.9,800.0,63.1,5
Maruti Wagon R,Maruti,Wagon R,2018,2.23,97330,Petrol,Dealer,Automatic,First Owner,16.4,1112.0,77.4,7
Mahindra Scorpio,Mahindra,Scorpio,2021,5.73,86059,Petrol,Dealer,Manual,First Owner,18.3,1429.0,88.1,7
Tata Tiago,Tata,Tiago,2016,2.27,90379,Diesel,Dealer,Manual,First Owner,17.3,1346.0,96.8,5
Ford Figo,Ford,Figo,2021,4.7,84615,Petrol,Trustmark Dealer,Manual,First Owner,19.2,892.0,62.0,5
Kia Sonet,Kia,Sonet,2013,3.4,105655,Petrol,Individual,Manual,First Owner,13.1,1248.0,83.4,5
Tata Harrier,Tata,Harrier,2023,5.79,80192,Diesel,Dealer,Automatic,First Owner,16.6,1510.0,97.6,5
Hyundai Verna,Hyundai,Verna,2015,2.29,140272,Petrol,Individual,Manual,First Owner,18.4,800.0,62.6,5
Toyota Innova,Toyota,Innova,2020,6.62,90491,Diesel,Dealer,Manual,First Owner,16.8,1222.0,73.0,5
Toyota Fortuner,Toyota,Fortuner,2012,4.81,95738,Electric,Dealer,Manual,First Owner,17.4,1669.0,111.3,7
Tata Harrier,Tata,Harrier,2014,2.09,102230,Petrol,Individual,Manual,First Owner,18.5,800.0,53.2,5
Toyota Glanza,Toyota,Glanza,2024,10.95,70923,CNG,Dealer,Manual,First Owner,14.2,1604.0,97.7,5
Kia Sonet,Kia,Sonet,2022,8.36,71966,Diesel,Individual,Manual,First Owner,15.6,1767.0,119.3,5
Tata Nexon,Tata,Nexon,2014,2.3,64231,Diesel,Individual,Manual,Second Owner,20.5,1122.0,68.7,5
Maruti Dzire,Maruti,Dzire,2013,1.93,157342,Petrol,Trustmark Dealer,Manual,Second Owner,18.2,1080.0,81.5,5
Tata Harrier,Tata,Harrier,2022,4.87,74506,Petrol,Dealer,Manual,Second Owner,19.3,1562.0,101.7,5
Tata Altroz,Tata,Altroz,2024,7.42,40480,Petrol,Dealer,Automatic,First Owner,16.1,1135.0,64.2,5
Maruti Wagon R,Maruti,Wagon R,2014,2.1,145389,Electric,Individual,Manual,Second Owner,17.6,800.0,69.9,5
Maruti Dzire,Maruti,Dzire,2020,3.57,69594,Diesel,Individual,Manual,First Owner,15.4,1165.0,81.6,5
Ford EcoSport,Ford,EcoSport,2015,2.37,101854,Petrol,Individual,Manual,First Owner,14.1,1365.0,93.2,5
Hyundai Creta,Hyundai,Creta,2021,5.78,85883,Petrol,Individual,Automatic,First Owner,17.6,1459.0,103.3,5
Mahindra Thar,Mahindra,Thar,2017,3.15,143182,Petrol,Individual,Automatic,First Owner,18.1,892.0,76.1,7
Hyundai Creta,Hyundai,Creta,2013,2.72,165718,Petrol,Individual,Automatic,First Owner,16.0,1106.0,77.4,7
Maruti Dzire,Maruti,Dzire,2016,2.29,118413,Diesel,Dealer,Manual,First Owner,,1542.0,104.7,5
Volkswagen Vento,Volkswagen,Vento,2019,3.91,101172,Petrol,Individual,Automatic,Second Owner,20.1,1179.0,82.8,5
Kia Sonet,Kia,Sonet,2022,8.04,88912,Diesel,Dealer,Manual,First Owner,22.7,800.0,56.3,7
Hyundai i20,Hyundai,i20,2012,3.14,108846,Diesel,Trustmark Dealer,Automatic,Second Owner,17.7,1633.0,92.1,5
Hyundai Verna,Hyundai,Verna,2024,7.93,72671,Diesel,Individual,Automatic,Second Owner,16.9,1125.0,78.6,5
Maruti Swift,Maruti,Swift,2020,3.52,68350,Diesel,Dealer,Manual,First Owner,16.8,1582.0,113.0,7
Honda WR-V,Honda,WR-V,2023,6.18,72006,Petrol,Individual,Manual,First Owner,21.5,800.0,63.7,5
Tata Nexon,Tata,Nexon,2024,5.94,53495,Diesel,Individual,Manual,First Owner,17.6,1158.0,70.2,7
Hyundai i20,Hyundai,i20,2013,2.47,141026,Diesel,Dealer,Manual,First Owner,17.7,1378.0,99.6,7
Maruti Baleno,Maruti,Baleno,2013,1.89,132598,Petrol,Individual,Automatic,Third Owner,16.0,1169.0,76.8,5
Honda City,Honda,City,2022,6.3,5000,Petrol,Individual,Manual,Second Owner,19.3,800.0,45.0,5
Mahindra Scorpio,Mahindra,Scorpio,2014,2.86,127435,Petrol,Dealer,Automatic,Second Owner,21.3,800.0,67.1,5
Toyota Etios,Toyota,Etios,2013,4.55,144127,Petrol,Individual,Automatic,First Owner,18.4,1733.0,102.8,5
Honda Jazz,Honda,Jazz,2018,3.49,107310,Petrol,Dealer,Manual,Second Owner,20.2,1287.0,100.0,5
Maruti Wagon R,Maruti,Wagon R,2023,4.83,62743,Petrol,Dealer,Manual,Second Owner,17.4,1608.0,112.6,5
Hyundai i20,Hyundai,i20,2022,5.47,107627,Diesel,Individual,Manual,First Owner,16.7,1525.0,97.1,5
Hyundai Verna,Hyundai,Verna,2018,3.62,104350,Petrol,Dealer,Automatic,First Owner,17.0,1409.0,96.2,5
Volkswagen Polo,Volkswagen,Polo,2014,2.44,133128,Petrol,Individual,Manual,First Owner,16.1,1088.0,94.2,7
Kia Carens,Kia,Carens,2016,3.65,133478,Petrol,Individual,Manual,First Owner,15.7,1371.0,98.4,5
Kia EV6,Kia,EV6,2020,5.9,92477,Petrol,Trustmark Dealer,Manual,Second Owner,13.9,1701.0,,5
Mahindra XUV500,Mahindra,XUV500,2014,3.88,103743,Electric,Individual,Automatic,First Owner,19.3,1229.0,105.7,5
Mahindra Scorpio,Mahindra,Scorpio,2018,3.7,43856,Petrol,Dealer,Manual,First Owner,16.5,1866.0,118.6,7
Mahindra Bolero,Mahindra,Bolero,2012,2.92,126003,Petrol,Individual,Manual,Second Owner,22.0,800.0,63.7,5
Maruti Dzire,Maruti,Dzire,2016,1.91,127240,Petrol,Individual,Automatic,First Owner,22.9,800.0,51.5,5
Maruti Swift,Maruti,Swift,2015,1.79,109231,Petrol,Dealer,Manual,First Owner,16.6,1546.0,86.6,5
Hyundai Creta,Hyundai,Creta,2020,4.02,102125,Diesel,Dealer,Manual,Second Owner,18.0,913.0,62.9,5
Honda City,Honda,City,2023,6.39,68272,Diesel,Individual,Manual,Second Owner,14.3,1915.0,120.6,5
Maruti Swift,Maruti,Swift,2013,1.74,158337,Petrol,Dealer,Manual,Second Owner,14.3,1668.0,109.4,5
Renault Duster,Renault,Duster,2022,5.46,65005,Diesel,Individual,Manual,First Owner,16.6,1756.0,100.2,5
Toyota Etios,Toyota,Etios,2020,6.79,94787,Petrol,Individual,Manual,Third Owner,15.9,1510.0,103.3,7
Honda WR-V,Honda,WR-V,2024,6.0,69629,Diesel,Dealer,Manual,Second Owner,19.9,877.0,56.6,5
Maruti Wagon R,Maruti,Wagon R,2023,4.68,98035,Diesel,Dealer,Manual,Second Owner,21.9,800.0,63.9,5
Hyundai Grand i10,Hyundai,Grand i10,2013,2.48,92453,Petrol,Individual,Manual,First Owner,13.9,1723.0,117.2,5
Maruti Dzire,Maruti,Dzire,2021,4.16,67915,Diesel,Dealer,Manual,First Owner,22.5,800.0,55.8,5
Renault Duster,Renault,Duster,2019,3.12,109667,Diesel,Individual,Manual,Second Owner,12.6,1755.0,103.8,5
Toyota Fortuner,Toyota,Fortuner,2013,4.16,164009,Petrol,Trustmark Dealer,Automatic,Second Owner,17.6,1434.0,106.2,5
Ford Endeavour,Ford,Endeavour,2015,3.28,122281,Electric,Dealer,Automatic,First Owner,18.3,1173.0,86.5,5
Hyundai Creta,Hyundai,Creta,2024,7.25,52060,CNG,Individual,Manual,First Owner,19.1,1355.0,90.7,5
Tata Altroz,Tata,Altroz,2019,3.28,107656,Petrol,Individual,Automatic,Second Owner,14.7,1363.0,101.7,5
Tata Nexon,Tata,Nexon,2016,2.28,129611,Diesel,Trustmark Dealer,Automatic,First Owner,15.7,1129.0,77.8,5
Volkswagen Vento,Volkswagen,Vento,2016,2.38,102587,Diesel,Dealer,Manual,First Owner,17.1,,103.5,5
Volkswagen Vento,Volkswagen,Vento,2022,7.43,78766,Petrol,Individual,Automatic,First Owner,14.8,1687.0,99.8,5
Hyundai Grand i10,Hyundai,Grand i10,2015,2.48,142971,Petrol,Individual,Automatic,First Owner,17.9,1254.0,83.1,5
Mahindra Thar,Mahindra,Thar,2014,2.85,165090,CNG,Individual,Manual,Second Owner,18.2,990.0,75.6,5
Maruti Baleno,Maruti,Baleno,2019,2.9,107337,Diesel,Dealer,Manual,First Owner,17.6,1657.0,117.3,5
Kia Seltos,Kia,Seltos,2024,8.36,59471,Petrol,Trustmark Dealer,Manual,First Owner,21.2,800.0,59.2,5
Maruti Dzire,Maruti,Dzire,2014,1.92,122310,Petrol,Dealer,Manual,Second Owner,18.0,1355.0,99.2,5
Hyundai Creta,Hyundai,Creta,2015,2.69,129262,Petrol,Individual,Automatic,Second Owner,14.6,1459.0,93.5,5
Renault Kwid,Renault,Kwid,2018,2.79,94955,CNG,Dealer,Manual,First Owner,20.9,910.0,58.8,7
Maruti Dzire,Maruti,Dzire,2014,2.1,127672,Diesel,Individual,Manual,First Owner,14.5,1541.0,89.3,5
Tata Altroz,Tata,Altroz,2020,3.79,61226,Petrol,Individual,Manual,Second Owner,17.1,1191.0,76.5,5
Tata Nexon,Tata,Nexon,2015,2.02,145535,CNG,Individual,Automatic,First Owner,16.7,1009.0,60.3,5
Hyundai Verna,Hyundai,Verna,2013,2.53,104915,Diesel,Individual,Manual,First Owner,16.1,1537.0,115.6,5
Ford Aspire,Ford,Aspire,2015,2.14,107493,Petrol,Individual,Automatic,First Owner,22.6,820.0,63.6,5
Renault Kiger,Renault,Kiger,2024,5.45,60647,Petrol,Individual,Manual,First Owner,17.1,1504.0,97.0,7
Kia Sonet,Kia,Sonet,2024,9.06,102301,Diesel,Individual,Manual,Second Owner,19.7,800.0,72.8,5
Hyundai Verna,Hyundai,Verna,2018,3.01,88200,Petrol,Dealer,Manual,First Owner,18.0,1300.0,76.1,5
Honda Amaze,Honda,Amaze,2017,2.67,89347,Petrol,Individual,Manual,First Owner,18.5,1215.0,80.7,7
Hyundai Grand i10,Hyundai,Grand i10,2022,5.98,59382,Diesel,Individual,Manual,First Owner,19.5,1011.0,86.6,7
Hyundai i20,Hyundai,i20,2014,2.24,159995,CNG,Individual,Manual,First Owner,17.9,1336.0,87.3,5
Maruti Dzire,Maruti,Dzire,2020,3.62,22628,Petrol,Individual,Manual,First Owner,16.4,1172.0,,5
Mahindra Scorpio,Mahindra,Scorpio,2020,5.09,62439,CNG,Individual,Manual,Second Owner,16.5,1569.0,107.6,5
Kia Carens,Kia,Carens,2021,7.06,138088,CNG,Dealer,Automatic,First Owner,13.7,1396.0,,5
Volkswagen Taigun,Volkswagen,Taigun,2014,2.61,136499,Petrol,Individual,Automatic,First Owner,18.6,1358.0,100.4,5
Honda Amaze,Honda,Amaze,2021,5.31,53668,Petrol,Individual,Manual,First Owner,15.6,1302.0,86.6,7
Honda City,Honda,City,2019,3.96,90077,Diesel,Dealer,Automatic,Second Owner,21.6,1035.0,68.0,5
Honda Amaze,Honda,Amaze,2023,6.81,66484,Diesel,Individual,Manual,First Owner,14.0,1094.0,74.2,5
Honda Jazz,Honda,Jazz,2014,2.59,142114,Petrol,Dealer,Manual,Third Owner,21.2,1287.0,77.9,5
Tata Harrier,Tata,Harrier,2019,3.23,131469,Diesel,Individual,Manual,Second Owner,15.4,1139.0,77.1,5
Maruti Wagon R,Maruti,Wagon R,2022,5.08,80048,Diesel,Trustmark Dealer,Manual,First Owner,13.8,1589.0,102.4,5
Maruti Wagon R,Maruti,Wagon R,2015,2.3,105124,Diesel,Individual,Automatic,First Owner,18.7,1233.0,96.3,5
Mahindra Bolero,Mahindra,Bolero,2021,5.7,95315,Diesel,Individual,Manual,First Owner,18.8,1332.0,93.0,5
Honda Amaze,Honda,Amaze,2013,2.8,114638,Petrol,Dealer,Manual,Third Owner,20.0,800.0,77.9,7
Mahindra Scorpio,Mahindra,Scorpio,2021,6.79,55266,Petrol,Individual,Manual,Third Owner,18.3,,81.9,5
Maruti Baleno,Maruti,Baleno,2019,3.06,52282,Petrol,Dealer,Manual,First Owner,17.9,997.0,60.1,5
Honda Amaze,Honda,Amaze,2014,2.28,89067,CNG,Individual,Manual,First Owner,19.6,835.0,58.1,7
Hyundai i20,Hyundai,i20,2012,2.72,116778,CNG,Individual,Manual,First Owner,14.5,1776.0,124.6,5
Hyundai Grand i10,Hyundai,Grand i10,2021,5.12,52088,Diesel,Dealer,Manual,First Owner,15.9,1444.0,93.5,5
Maruti Swift,Maruti,Swift,2015,1.6,123891,Petrol,Dealer,Manual,Second Owner,12.6,1542.0,88.1,5
Maruti Wagon R,Maruti,Wagon R,2018,3.07,71113,Diesel,Individual,Manual,Third Owner,17.4,1359.0,87.8,5
Kia Sonet,Kia,Sonet,2012,4.61,67339,Petrol,Individual,Automatic,First Owner,18.3,1167.0,69.6,5
Hyundai Verna,Hyundai,Verna,2024,6.43,35533,Petrol,Dealer,Manual,Second Owner,21.0,1102.0,64.5,5
Toyota Glanza,Toyota,Glanza,2019,6.03,80619,Petrol,Dealer,Manual,Second Owner,14.2,1473.0,112.0,5
Tata Harrier,Tata,Harrier,2024,6.55,45180,Diesel,Dealer,Manual,First Owner,14.9,1596.0,100.0,5
Tata Tiago,Tata,Tiago,2014,1.92,156929,Petrol,Dealer,Manual,First Owner,20.9,1176.0,81.1,5
Honda Amaze,Honda,Amaze,2014,2.92,110002,Diesel,Individual,Manual,First Owner,14.9,1925.0,120.1,5
Maruti Dzire,Maruti,Dzire,2019,3.0,110380,Electric,Dealer,Manual,Second Owner,19.8,1131.0,75.2,5
Mahindra Bolero,Mahindra,Bolero,2019,4.28,90582,Diesel,Individual,Manual,Third Owner,21.5,800.0,52.3,5
Renault Triber,Renault,Triber,2022,3.94,70569,Petrol,Individual,Manual,First Owner,21.5,800.0,56.5,5
Volkswagen Polo,Volkswagen,Polo,2024,7.32,40121,CNG,Dealer,Manual,First Owner,24.2,800.0,61.7,5
Tata Nexon,Tata,Nexon,2022,5.64,70206,Diesel,Dealer,Manual,First Owner,19.3,1055.0,84.4,5
Maruti Dzire,Maruti,Dzire,2013,1.9,113167,Petrol,Individual,Manual,First Owner,16.8,1119.0,84.1,7
Kia Carens,Kia,Carens,2016,3.68,114240,Diesel,Dealer,Manual,First Owner,18.3,1439.0,84.4,7
Hyundai Verna,Hyundai,Verna,2023,6.58,59802,CNG,Individual,Manual,Second Owner,17.3,1190.0,88.4,5
Maruti Dzire,Maruti,Dzire,2019,3.32,70218,Petrol,Individual,Automatic,First Owner,16.5,1495.0,101.0,5
Hyundai Creta,Hyundai,Creta,2023,6.76,86821,Petrol,Dealer,Manual,Second Owner,19.0,1216.0,76.9,5
Volkswagen Taigun,Volkswagen,Taigun,2019,3.72,100390,Petrol,Dealer,Automatic,First Owner,16.7,1205.0,82.7,7
Toyota Innova,Toyota,Innova,2012,4.31,126642,Petrol,Individual,Manual,First Owner,18.4,998.0,74.5,5
Volkswagen Vento,Volkswagen,Vento,2018,3.47,100700,Diesel,Individual,Manual,Second Owner,16.5,1698.0,108.8,5
Volkswagen Vento,Volkswagen,Vento,2022,5.01,69655,Petrol,Individual,Manual,First Owner,19.5,800.0,62.8,7
Hyundai Verna,Hyundai,Verna,2020,5.88,65412,Petrol,Individual,Automatic,First Owner,19.7,1305.0,79.9,5
Kia Seltos,Kia,Seltos,2013,4.09,131550,Petrol,Trustmark Dealer,Manual,Second Owner,16.7,1136.0,93.4,5
Tata Nexon,Tata,Nexon,2014,2.21,109837,Petrol,Individual,Manual,First Owner,14.8,1474.0,80.6,5
Toyota Innova,Toyota,Innova,2023,10.77,44211,Petrol,Dealer,Manual,First Owner,22.2,1193.0,85.2,5
Maruti Baleno,Maruti,Baleno,2024,5.44,22799,Diesel,Individual,Manual,First Owner,15.3,1203.0,84.1,5
Mahindra XUV500,Mahindra,XUV500,2021,6.09,70110,Petrol,Individual,Automatic,Second Owner,18.8,1107.0,81.0,5
Hyundai i20,Hyundai,i20,2013,2.24,142473,Petrol,Individual,Manual,First Owner,19.3,1688.0,102.2,5
Maruti Dzire,Maruti,Dzire,2020,3.06,69217,CNG,Dealer,Manual,Second Owner,18.3,1201.0,90.4,5
Tata Altroz,Tata,Altroz,2022,6.05,126955,Electric,Trustmark Dealer,Manual,First Owner,17.2,1889.0,118.0,7
Maruti Baleno,Maruti,Baleno,2020,3.17,103985,Petrol,Individual,Manual,First Owner,19.1,1295.0,76.7,5
Maruti Dzire,Maruti,Dzire,2019,3.0,119695,Petrol,Individual,Automatic,Second Owner,18.3,1208.0,72.7,5
Toyota Innova,Toyota,Innova,2018,5.31,114995,Petrol,Individual,Automatic,First Owner,18.4,1149.0,79.2,5
Tata Nexon,Tata,Nexon,2015,2.3,157763,Petrol,Dealer,Automatic,First Owner,13.0,1397.0,79.1,5
Kia Sonet,Kia,Sonet,2015,3.16,99685,Petrol,Individual,Manual,First Owner,18.8,994.0,84.1,5
Hyundai i20,Hyundai,i20,2021,5.14,21663,CNG,Trustmark Dealer,Manual,First Owner,18.5,1251.0,92.2,7
Ford Endeavour,Ford,Endeavour,2012,2.24,126685,Diesel,Individual,Manual,First Owner,18.8,1203.0,95.8,5
Tata Tiago,Tata,Tiago,2013,2.38,142280,Petrol,Dealer,Manual,First Owner,22.6,1314.0,101.0,5
Toyota Fortuner,Toyota,Fortuner,2017,4.85,107333,Electric,Dealer,Automatic,First Owner,18.2,1323.0,84.9,5
Toyota Glanza,Toyota,Glanza,2022,8.13,77560,Petrol,Individual,Manual,First Owner,18.8,1341.0,81.8,5
Tata Nexon,Tata,Nexon,2020,3.02,113560,Petrol,Individual,Manual,First Owner,20.5,1233.0,61.4,5
Mahindra XUV500,Mahindra,XUV500,2019,4.04,99405,Petrol,Dealer,Manual,First Owner,16.4,1749.0,107.9,5
Hyundai Verna,Hyundai,Verna,2018,3.43,115076,Petrol,Individual,Automatic,First Owner,17.3,1348.0,103.3,5
Maruti Baleno,Maruti,Baleno,2013,2.15,109329,CNG,Individual,Manual,First Owner,13.1,2112.0,124.5,5
Ford Aspire,Ford,Aspire,2016,2.45,86401,Petrol,Dealer,Manual,Second Owner,17.5,1217.0,80.3,5
Renault Duster,Renault,Duster,2013,1.94,165510,Diesel,Individual,Manual,First Owner,17.4,1536.0,95.0,7
Maruti Dzire,Maruti,Dzire,2021,4.15,80219,Petrol,Dealer,Automatic,First Owner,19.4,946.0,70.0,7
Tata Harrier,Tata,Harrier,2021,4.43,64288,CNG,Individual,Manual,First Owner,16.9,,118.2,7
Kia Seltos,Kia,Seltos,2015,4.37,103329,Diesel,Dealer,Manual,First Owner,17.7,954.0,55.2,5
Volkswagen Virtus,Volkswagen,Virtus,2015,2.47,102719,Petrol,Individual,Manual,First Owner,17.7,1360.0,79.0,5
Mahindra Bolero,Mahindra,Bolero,2016,3.38,94902,Petrol,Individual,Automatic,Second Owner,22.0,1107.0,87.8,5
Honda City,Honda,City,2023,8.13,36770,CNG,Individual,Automatic,First Owner,17.0,1358.0,95.6,5
Toyota Glanza,Toyota,Glanza,2018,5.3,64490,Petrol,Individual,Manual,First Owner,22.5,1118.0,74.4,7
Hyundai Grand i10,Hyundai,Grand i10,2021,5.07,73709,Petrol,Individual,Manual,Third Owner,20.2,924.0,79.5,5
Mahindra Scorpio,Mahindra,Scorpio,2017,2.97,90955,CNG,Individual,Manual,First Owner,18.7,1105.0,64.9,5
Tata Harrier,Tata,Harrier,2021,4.41,102357,Petrol,Dealer,Manual,Second Owner,15.6,1740.0,118.1,5
Ford Endeavour,Ford,Endeavour,2018,3.08,103947,Petrol,Individual,Manual,Second Owner,16.8,1364.0,89.5,5
Tata Harrier,Tata,Harrier,2015,2.14,122836,Petrol,Individual,Manual,First Owner,16.6,800.0,63.9,7
Honda WR-V,Honda,WR-V,2023,6.73,48651,Petrol,Individual,Automatic,First Owner,18.0,1583.0,83.0,5
Ford EcoSport,Ford,EcoSport,2021,5.3,75337,Petrol,Individual,Manual,First Owner,24.5,888.0,61.8,5
Honda City,Honda,City,2022,6.22,79442,Petrol,Individual,Manual,Second Owner,,1460.0,101.2,5
Kia EV6,Kia,EV6,2024,8.01,74256,Petrol,Individual,Manual,First Owner,18.3,1394.0,91.2,5
Tata Harrier,Tata,Harrier,2015,2.19,114934,Petrol,Dealer,Manual,Second Owner,16.8,1416.0,102.9,5
Toyota Etios,Toyota,Etios,2013,3.5,153740,Petrol,Dealer,Manual,First Owner,17.0,1849.0,126.5,5
Hyundai Creta,Hyundai,Creta,2019,4.58,91175,Electric,Dealer,Manual,First Owner,19.9,910.0,57.4,5
Tata Altroz,Tata,Altroz,2016,2.32,127942,Diesel,Individual,Manual,First Owner,17.7,1414.0,99.4,7
Tata Nexon,Tata,Nexon,2017,2.46,93223,Petrol,Dealer,Manual,First Owner,12.8,1641.0,97.3,5
Maruti Baleno,Maruti,Baleno,2015,1.87,77123,Petrol,Dealer,Manual,First Owner,18.5,975.0,69.1,5
Maruti Swift,Maruti,Swift,2017,2.06,109903,Diesel,Dealer,Manual,Third Owner,20.5,939.0,71.9,5
Ford Figo,Ford,Figo,2017,2.62,119957,Petrol,Individual,Manual,First Owner,20.7,,68.8,5
Toyota Glanza,Toyota,Glanza,2016,4.46,123157,Petrol,Individual,Manual,Second Owner,19.6,1314.0,,5
Ford EcoSport,Ford,EcoSport,2021,5.04,87288,Diesel,Individual,Manual,Third Owner,17.4,800.0,55.0,7
Maruti Wagon R,Maruti,Wagon R,2019,2.56,83331,Petrol,Individual,Manual,First Owner,14.3,,87.0,5
Hyundai i20,Hyundai,i20,2018,3.44,79751,Diesel,Dealer,Manual,First Owner,21.7,800.0,64.7,5
Maruti Wagon R,Maruti,Wagon R,2013,1.88,142138,CNG,Individual,Manual,First Owner,14.3,1653.0,99.2,5
Volkswagen Vento,Volkswagen,Vento,2019,4.11,100381,Diesel,Individual,Automatic,First Owner,19.1,1380.0,83.8,5
Renault Triber,Renault,Triber,2014,1.87,111160,Petrol,Individual,Manual,Third Owner,11.4,1870.0,126.2,5
Hyundai Creta,Hyundai,Creta,2016,2.23,134907,Petrol,Individual,Manual,Second Owner,16.8,1434.0,94.7,5
Ford Aspire,Ford,Aspire,2017,2.91,84576,Petrol,Individual,Manual,Second Owner,18.9,1093.0,63.5,5
Maruti Wagon R,Maruti,Wagon R,2013,1.97,117162,Diesel,Individual,Automatic,First Owner,20.8,920.0,72.4,5
Hyundai Verna,Hyundai,Verna,2017,2.57,140001,CNG,Individual,Manual,First Owner,15.8,1284.0,82.4,5
Maruti Wagon R,Maruti,Wagon R,2015,1.98,136108,CNG,Individual,Automatic,First Owner,14.5,1189.0,69.2,5
Hyundai Grand i10,Hyundai,Grand i10,2023,6.19,57123,Petrol,Individual,Manual,Second Owner,16.4,1615.0,83.8,7
Ford Endeavour,Ford,Endeavour,2023,6.39,71322,Diesel,Trustmark Dealer,Automatic,First Owner,21.2,875.0,70.4,5
Kia Seltos,Kia,Seltos,2012,3.65,139905,Petrol,Dealer,Manual,First Owner,16.4,1907.0,113.0,5
Hyundai i20,Hyundai,i20,2019,4.49,30596,Diesel,Individual,Manual,First Owner,15.1,1646.0,95.6,5
Honda Jazz,Honda,Jazz,2020,4.59,64557,Petrol,Individual,Manual,First Owner,20.3,1129.0,82.2,5
Ford Figo,Ford,Figo,2016,2.5,109381,Petrol,Dealer,Manual,First Owner,15.8,1829.0,122.0,5
Mahindra XUV500,Mahindra,XUV500,2018,3.62,89654,Petrol,Trustmark Dealer,Automatic,First Owner,22.5,926.0,59.6,5
Toyota Etios,Toyota,Etios,2022,11.9,76936,Electric,Individual,Automatic,Second Owner,17.8,1272.0,92.3,5
Hyundai i20,Hyundai,i20,2016,2.31,135348,Petrol,Individual,Manual,Second Owner,17.1,800.0,,7
Toyota Etios,Toyota,Etios,2012,3.98,129426,Petrol,Dealer,Manual,First Owner,14.6,1846.0,127.3,5
Hyundai Grand i10,Hyundai,Grand i10,2016,2.74,87231,Petrol,Individual,Manual,Second Owner,20.7,800.0,68.5,5
Mahindra Scorpio,Mahindra,Scorpio,2015,2.68,124146,Petrol,Dealer,Manual,First Owner,21.6,800.0,61.5,7
Tata Tiago,Tata,Tiago,2016,2.18,103314,CNG,Individual,Manual,Second Owner,16.5,978.0,65.2,5
Ford Aspire,Ford,Aspire,2014,2.64,120066,Petrol,Individual,Manual,First Owner,15.1,1663.0,106.0,5
Maruti Baleno,Maruti,Baleno,2013,1.76,123580,Petrol,Dealer,Manual,First Owner,18.2,1534.0,102.9,7
Tata Tiago,Tata,Tiago,2024,6.54,107820,Diesel,Dealer,Automatic,First Owner,17.9,1243.0,73.3,5
Kia EV6,Kia,EV6,2013,4.43,80704,Petrol,Individual,Automatic,First Owner,,1557.0,94.5,5
Toyota Glanza,Toyota,Glanza,2021,9.75,69456,Petrol,Dealer,Automatic,First Owner,22.4,1160.0,67.4,5
Tata Altroz,Tata,Altroz,2021,5.16,77918,Petrol,Dealer,Manual,Second Owner,15.4,1348.0,91.0,7
Kia Carens,Kia,Carens,2020,6.67,67314,Petrol,Individual,Automatic,Second Owner,17.6,1778.0,113.5,5
Renault Triber,Renault,Triber,2023,4.48,84796,Petrol,Trustmark Dealer,Manual,First Owner,20.9,1114.0,71.0,5
Hyundai Creta,Hyundai,Creta,2012,2.51,154391,Petrol,Individual,Manual,First Owner,19.4,932.0,72.8,5
Honda Jazz,Honda,Jazz,2015,2.9,115949,Petrol,Individual,Manual,Second Owner,17.4,1365.0,81.7,5
Honda WR-V,Honda,WR-V,2014,2.93,117545,Diesel,Dealer,Automatic,First Owner,16.8,1459.0,89.7,7
Toyota Innova,Toyota,Innova,2019,6.54,88536,CNG,Individual,Manual,First Owner,18.5,1239.0,,7
Hyundai Grand i10,Hyundai,Grand i10,2020,6.05,82194,CNG,Dealer,Automatic,First Owner,15.2,1551.0,107.7,5
Hyundai Creta,Hyundai,Creta,2023,6.19,63275,Petrol,Individual,Manual,First Owner,17.9,1130.0,70.8,5
Kia EV6,Kia,EV6,2016,4.21,106364,Petrol,Individual,Automatic,First Owner,17.4,1245.0,85.3,5
Kia Seltos,Kia,Seltos,2015,4.47,122553,Electric,Individual,Manual,First Owner,17.0,1331.0,82.0,5
Renault Kiger,Renault,Kiger,2024,7.47,75070,Diesel,Dealer,Automatic,First Owner,17.2,1301.0,85.0,5
Mahindra Scorpio,Mahindra,Scorpio,2020,5.41,57434,Petrol,Dealer,Manual,Second Owner,10.7,1765.0,113.2,5
Volkswagen Virtus,Volkswagen,Virtus,2021,5.74,54885,Petrol,Individual,Manual,Second Owner,17.8,1329.0,92.6,7
Volkswagen Vento,Volkswagen,Vento,2017,2.71,65532,Petrol,Individual,Manual,First Owner,17.9,1094.0,77.7,5
Volkswagen Taigun,Volkswagen,Taigun,2017,2.67,123060,Petrol,Individual,Manual,First Owner,13.6,1385.0,93.4,5
Honda Jazz,Honda,Jazz,2017,2.79,109507,Petrol,Individual,Manual,Third Owner,15.7,1553.0,91.8,5
Tata Nexon,Tata,Nexon,2021,3.69,89115,Petrol,Dealer,Manual,Second Owner,16.1,1471.0,99.0,5
Hyundai i20,Hyundai,i20,2014,2.69,92051,Electric,Dealer,Manual,First Owner,19.5,1452.0,99.3,5
Toyota Etios,Toyota,Etios,2024,12.2,97768,Diesel,Individual,Automatic,First Owner,19.5,800.0,64.5,5
Hyundai Creta,Hyundai,Creta,2014,2.72,110105,Diesel,Individual,Manual,First Owner,21.9,800.0,53.2,5
Hyundai Verna,Hyundai,Verna,2017,2.81,107700,Petrol,Dealer,Automatic,First Owner,18.6,1646.0,112.9,5
Toyota Glanza,Toyota,Glanza,2016,4.75,129296,Diesel,Individual,Manual,Second Owner,16.2,1354.0,78.9,5
Tata Tiago,Tata,Tiago,2020,3.8,62786,Diesel,Individual,Manual,Second Owner,18.3,1192.0,77.1,7
Hyundai i20,Hyundai,i20,2020,5.08,72480,Petrol,Dealer,Automatic,Second Owner,20.4,1443.0,92.2,5
Renault Duster,Renault,Duster,2023,5.17,68941,Diesel,Individual,Manual,Third Owner,15.0,1875.0,108.0,5
Renault Kwid,Renault,Kwid,2022,4.4,134364,Diesel,Individual,Manual,First Owner,16.3,1695.0,105.9,5
Maruti Wagon R,Maruti,Wagon R,2015,2.15,123624,Diesel,Individual,Manual,Third Owner,15.6,1537.0,101.3,5
Maruti Wagon R,Maruti,Wagon R,2014,1.82,158839,Petrol,Dealer,Manual,Second Owner,21.4,890.0,49.3,5
Hyundai Grand i10,Hyundai,Grand i10,2023,6.16,91524,CNG,Individual,Manual,First Owner,19.7,935.0,63.3,5
Volkswagen Vento,Volkswagen,Vento,2018,3.28,105596,Petrol,Dealer,Manual,First Owner,16.9,800.0,45.0,5
Renault Duster,Renault,Duster,2013,2.11,108237,Petrol,Individual,Automatic,First Owner,16.4,1422.0,109.5,5
Maruti Wagon R,Maruti,Wagon R,2022,4.47,94814,Petrol,Individual,Manual,First Owner,13.8,1588.0,104.0,7
Volkswagen Polo,Volkswagen,Polo,2020,4.33,51541,Petrol,Dealer,Manual,First Owner,16.2,,104.9,5
Maruti Swift,Maruti,Swift,2012,1.73,171719,Petrol,Individual,Manual,First Owner,15.2,1436.0,95.8,5
Tata Harrier,Tata,Harrier,2022,4.71,75900,Petrol,Individual,Manual,First Owner,19.6,1146.0,82.9,5
Mahindra Scorpio,Mahindra,Scorpio,2019,5.09,32695,Diesel,Individual,Manual,First Owner,19.5,1003.0,78.0,5
Maruti Baleno,Maruti,Baleno,2019,3.0,83508,Petrol,Dealer,Automatic,First Owner,17.4,911.0,52.6,5
Maruti Dzire,Maruti,Dzire,2023,5.17,79386,Electric,Individual,Manual,First Owner,17.7,1143.0,88.3,5
Tata Nexon,Tata,Nexon,2018,3.24,92285,Petrol,Dealer,Manual,Second Owner,21.5,858.0,72.2,5
Toyota Glanza,Toyota,Glanza,2017,4.59,119730,Diesel,Individual,Automatic,Third Owner,17.2,1815.0,114.3,5
Kia Carens,Kia,Carens,2020,6.11,65799,CNG,Individual,Manual,First Owner,18.8,800.0,58.1,5
Mahindra Scorpio,Mahindra,Scorpio,2014,2.76,94768,Diesel,Individual,Manual,First Owner,16.5,1131.0,52.4,5
Maruti Dzire,Maruti,Dzire,2013,2.01,128428,Diesel,Individual,Manual,Second Owner,24.5,800.0,49.0,5
Maruti Wagon R,Maruti,Wagon R,2022,4.16,72194,Diesel,Dealer,Manual,First Owner,17.7,1304.0,90.9,7
Volkswagen Vento,Volkswagen,Vento,2014,2.57,115835,Petrol,Individual,Manual,Third Owner,18.5,1199.0,90.5,5
Hyundai Creta,Hyundai,Creta,2018,3.07,124500,Petrol,Trustmark Dealer,Automatic,Second Owner,17.5,1075.0,80.0,5
Kia Sonet,Kia,Sonet,2015,3.91,98295,Petrol,Individual,Manual,First Owner,20.6,874.0,62.5,5
Ford Aspire,Ford,Aspire,2014,2.36,130389,Petrol,Individual,Manual,First Owner,21.8,1201.0,96.5,5
Maruti Baleno,Maruti,Baleno,2019,2.89,92495,Petrol,Individual,Manual,First Owner,19.9,1009.0,78.5,5
Renault Kwid,Renault,Kwid,2022,5.57,37252,Petrol,Dealer,Automatic,First Owner,20.7,1152.0,75.2,5
Maruti Wagon R,Maruti,Wagon R,2017,2.02,74981,CNG,Individual,Manual,First Owner,14.6,1885.0,136.1,7
Tata Tiago,Tata,Tiago,2013,2.26,130262,CNG,Individual,Automatic,Second Owner,15.9,1260.0,75.5,7
Honda Amaze,Honda,Amaze,2015,2.65,160586,Diesel,Trustmark Dealer,Manual,First Owner,15.9,1387.0,79.5,5
Honda WR-V,Honda,WR-V,2014,2.56,136243,Diesel,Dealer,Automatic,First Owner,17.0,1037.0,68.7,5
Ford Figo,Ford,Figo,2023,5.23,27036,Petrol,Individual,Manual,First Owner,20.3,925.0,59.8,5
Toyota Fortuner,Toyota,Fortuner,2016,4.33,42069,Petrol,Dealer,Manual,First Owner,20.8,1192.0,77.6,5
Mahindra XUV500,Mahindra,XUV500,2016,2.8,126627,Diesel,Individual,Manual,First Owner,13.8,2076.0,135.6,5
Mahindra Bolero,Mahindra,Bolero,2012,3.09,134383,Diesel,Individual,Automatic,Second Owner,18.3,1099.0,75.2,5
Honda WR-V,Honda,WR-V,2017,2.91,129107,Petrol,Individual,Manual,First Owner,16.0,1327.0,87.9,5
Maruti Wagon R,Maruti,Wagon R,2023,4.99,45624,Petrol,Dealer,Manual,Second Owner,20.7,910.0,65.5,5
Ford Figo,Ford,Figo,2017,2.8,111704,Petrol,Individual,Manual,First Owner,18.1,800.0,45.0,5
Mahindra Bolero,Mahindra,Bolero,2020,4.68,103115,Petrol,Dealer,Manual,First Owner,17.6,924.0,53.7,5
Hyundai Verna,Hyundai,Verna,2014,2.94,113655,Petrol,Dealer,Automatic,Second Owner,15.5,2033.0,123.7,5
Tata Harrier,Tata,Harrier,2013,2.43,120626,Petrol,Individual,Automatic,Second Owner,16.6,1408.0,85.7,5
Tata Tiago,Tata,Tiago,2021,4.8,78555,Diesel,Individual,Manual,Second Owner,14.5,1774.0,110.7,5
Maruti Baleno,Maruti,Baleno,2012,2.14,148438,Electric,Dealer,Manual,First Owner,18.7,1078.0,85.5,5
Ford EcoSport,Ford,EcoSport,2017,2.69,103684,Petrol,Individual,Manual,Second Owner,22.0,800.0,58.4,7
Hyundai Creta,Hyundai,Creta,2016,2.98,131927,Diesel,Individual,Automatic,First Owner,20.8,812.0,49.1,7
Volkswagen Virtus,Volkswagen,Virtus,2012,2.73,126337,Diesel,Individual,Manual,First Owner,16.1,1339.0,82.3,7
Renault Kiger,Renault,Kiger,2018,3.17,68275,Petrol,Dealer,Manual,Second Owner,16.5,1283.0,99.2,5
Renault Duster,Renault,Duster,2024,5.46,101993,Diesel,Individual,Manual,First Owner,18.0,1196.0,93.0,5
Tata Nexon,Tata,Nexon,2012,2.08,123198,Petrol,Individual,Manual,Second Owner,20.0,1014.0,75.5,5
Hyundai i20,Hyundai,i20,2022,5.78,58994,Diesel,Individual,Manual,First Owner,16.4,1529.0,86.6,5
Volkswagen Taigun,Volkswagen,Taigun,2019,3.78,89552,Petrol,Individual,Manual,First Owner,19.1,1025.0,73.8,5
Volkswagen Polo,Volkswagen,Polo,2021,5.03,79477,CNG,Trustmark Dealer,Automatic,First Owner,17.8,1308.0,90.0,5
Honda Jazz,Honda,Jazz,2013,2.93,121492,Electric,Individual,Manual,Second Owner,17.9,1268.0,84.9,7
Kia Seltos,Kia,Seltos,2023,7.64,64616,Petrol,Dealer,Manual,Second Owner,17.5,1071.0,69.3,5
Maruti Baleno,Maruti,Baleno,2012,1.86,135625,Petrol,Dealer,Manual,First Owner,22.3,,61.2,5
Kia EV6,Kia,EV6,2023,8.58,68846,Petrol,Individual,Manual,First Owner,,1050.0,67.6,7
Maruti Baleno,Maruti,Baleno,2020,3.3,32635,Diesel,Dealer,Manual,First Owner,14.9,1856.0,107.9,5
Maruti Wagon R,Maruti,Wagon R,2016,1.83,151879,Diesel,Trustmark Dealer,Manual,First Owner,12.1,1589.0,113.3,5
Honda Amaze,Honda,Amaze,2012,3.37,133259,Petrol,Dealer,Automatic,Second Owner,15.9,1557.0,107.7,5
Maruti Dzire,Maruti,Dzire,2019,3.06,103773,Diesel,Dealer,Manual,First Owner,17.7,925.0,63.6,5
Maruti Baleno,Maruti,Baleno,2013,2.2,99681,Petrol,Individual,Automatic,First Owner,18.6,800.0,61.8,5
Maruti Dzire,Maruti,Dzire,2019,2.82,80637,Petrol,Dealer,Manual,First Owner,21.0,1584.0,,5
Tata Tiago,Tata,Tiago,2022,5.26,56709,Petrol,Individual,Manual,First Owner,17.1,1517.0,117.2,5
Volkswagen Vento,Volkswagen,Vento,2015,2.41,149333,Petrol,Dealer,Manual,Second Owner,20.5,1248.0,90.6,5
Maruti Swift,Maruti,Swift,2015,1.82,104112,Petrol,Individual,Manual,First Owner,20.8,1070.0,80.5,5
Toyota Glanza,Toyota,Glanza,2014,4.1,140177,Petrol,Individual,Automatic,First Owner,22.5,800.0,59.3,5
Renault Triber,Renault,Triber,2014,2.03,109190,Petrol,Dealer,Manual,Third Owner,16.2,1504.0,94.2,5
Maruti Dzire,Maruti,Dzire,2013,1.71,120042,CNG,Dealer,Manual,First Owner,19.2,1615.0,114.9,5
Maruti Baleno,Maruti,Baleno,2015,1.7,111597,Petrol,Individual,Manual,Second Owner,21.3,962.0,,5
Renault Duster,Renault,Duster,2020,3.3,112744,CNG,Dealer,Manual,First Owner,19.9,933.0,59.7,7
Renault Kwid,Renault,Kwid,2015,2.43,75423,Diesel,Trustmark Dealer,Automatic,First Owner,16.4,1634.0,108.5,5
Honda WR-V,Honda,WR-V,2022,6.32,42555,Diesel,Dealer,Manual,Second Owner,19.3,975.0,75.3,5
Renault Kiger,Renault,Kiger,2022,4.28,28659,Petrol,Dealer,Manual,First Owner,15.0,1823.0,98.5,5
Maruti Dzire,Maruti,Dzire,2021,4.73,54074,Diesel,Dealer,Automatic,First Owner,18.5,1162.0,71.5,5
Tata Altroz,Tata,Altroz,2019,4.41,73144,Petrol,Dealer,Automatic,First Owner,19.8,1065.0,76.5,5
Ford Figo,Ford,Figo,2016,3.0,74981,Petrol,Individual,Automatic,First Owner,21.7,1216.0,66.5,5
Hyundai Creta,Hyundai,Creta,2024,7.45,42348,Petrol,Individual,Manual,Second Owner,16.7,1065.0,59.4,5
Volkswagen Polo,Volkswagen,Polo,2014,2.88,79176,Petrol,Dealer,Manual,First Owner,18.4,1594.0,100.5,5
Honda City,Honda,City,2018,3.75,75104,CNG,Trustmark Dealer,Manual,First Owner,15.9,1510.0,102.0,5
Volkswagen Vento,Volkswagen,Vento,2017,3.08,130409,Electric,Individual,Manual,First Owner,18.8,1581.0,106.3,5
Tata Harrier,Tata,Harrier,2021,4.24,86878,Diesel,Individual,Manual,First Owner,17.3,1265.0,97.2,5
Tata Tiago,Tata,Tiago,2019,3.49,95124,Petrol,Individual,Manual,Second Owner,20.0,1040.0,72.9,7
Hyundai Grand i10,Hyundai,Grand i10,2022,6.04,49438,CNG,Dealer,Manual,First Owner,18.0,1197.0,77.9,5
Hyundai Verna,Hyundai,Verna,2023,6.47,31206,Diesel,Dealer,Manual,Second Owner,15.7,1051.0,62.3,7
Volkswagen Virtus,Volkswagen,Virtus,2017,3.02,78938,Petrol,Dealer,Manual,First Owner,19.0,1713.0,106.1,5
Maruti Dzire,Maruti,Dzire,2023,4.47,64049,Petrol,Individual,Manual,First Owner,14.5,1551.0,106.0,7
Maruti Wagon R,Maruti,Wagon R,2014,1.82,142599,Diesel,Individual,Manual,First Owner,18.7,1168.0,85.3,5
Maruti Dzire,Maruti,Dzire,2023,4.7,84852,Petrol,Dealer,Manual,First Owner,18.0,876.0,65.3,5
Maruti Dzire,Maruti,Dzire,2014,2.15,137373,Petrol,Individual,Automatic,Second Owner,12.7,1739.0,115.0,5
Renault Kwid,Renault,Kwid,2023,5.36,48773,Diesel,Individual,Manual,First Owner,17.7,,93.9,5
Tata Altroz,Tata,Altroz,2017,2.31,104540,Petrol,Individual,Manual,First Owner,17.4,1154.0,79.1,5
Mahindra Thar,Mahindra,Thar,2024,8.09,51430,Petrol,Dealer,Manual,Second Owner,13.0,1742.0,121.7,5
Maruti Swift,Maruti,Swift,2013,1.58,125573,Petrol,Individual,Manual,First Owner,19.3,1022.0,65.4,5
Toyota Etios,Toyota,Etios,2018,4.83,142316,Diesel,Individual,Manual,First Owner,16.0,1088.0,74.3,5
Tata Altroz,Tata,Altroz,2023,5.88,26235,Electric,Individual,Manual,Second Owner,19.0,1119.0,72.7,7
Tata Harrier,Tata,Harrier,2012,2.47,131337,Diesel,Trustmark Dealer,Automatic,First Owner,20.3,800.0,65.3,5
Kia EV6,Kia,EV6,2015,3.79,143658,Diesel,Individual,Manual,Second Owner,12.8,1311.0,79.0,5
Mahindra Scorpio,Mahindra,Scorpio,2013,3.16,97750,Diesel,Individual,Manual,Second Owner,18.8,933.0,63.7,5
Kia Seltos,Kia,Seltos,2016,3.91,96337,Diesel,Individual,Automatic,First Owner,20.4,1000.0,55.1,5
Maruti Baleno,Maruti,Baleno,2017,1.95,92361,Petrol,Individual,Manual,First Owner,17.6,953.0,72.2,5
Hyundai Verna,Hyundai,Verna,2020,4.16,79587,Petrol,Dealer,Manual,First Owner,20.5,995.0,,5
Toyota Fortuner,Toyota,Fortuner,2015,5.28,81888,Diesel,Dealer,Manual,Second Owner,20.8,906.0,72.1,5
Hyundai Verna,Hyundai,Verna,2014,2.87,136596,Diesel,Individual,Automatic,First Owner,15.8,1287.0,92.3,5
Ford Figo,Ford,Figo,2014,2.33,138158,Petrol,Dealer,Manual,Second Owner,18.6,1146.0,84.7,5
Honda Jazz,Honda,Jazz,2024,5.92,69684,CNG,Individual,Manual,First Owner,19.9,1217.0,87.5,5
Honda City,Honda,City,2024,8.09,39351,Diesel,Dealer,Automatic,First Owner,12.0,2024.0,131.2,7
Renault Duster,Renault,Duster,2014,2.03,125403,Petrol,Individual,Manual,First Owner,18.2,1146.0,83.5,5
Ford Figo,Ford,Figo,2014,2.58,103712,Petrol,Individual,Automatic,First Owner,19.5,1412.0,87.4,5
Maruti Wagon R,Maruti,Wagon R,2012,1.9,129182,Petrol,Dealer,Manual,First Owner,15.2,1452.0,93.3,5
Maruti Wagon R,Maruti,Wagon R,2024,4.76,105876,Petrol,Trustmark Dealer,Manual,First Owner,19.4,1178.0,80.4,7
Toyota Etios,Toyota,Etios,2021,8.47,80105,Petrol,Dealer,Manual,Third Owner,15.6,1296.0,83.6,5
Honda WR-V,Honda,WR-V,2021,5.11,51874,Petrol,Dealer,Automatic,First Owner,18.0,1207.0,68.9,5
Hyundai Grand i10,Hyundai,Grand i10,2015,2.28,120967,Petrol,Dealer,Manual,Second Owner,18.8,1271.0,75.0,5
Tata Nexon,Tata,Nexon,2020,3.97,54760,Petrol,Dealer,Manual,First Owner,14.7,995.0,71.6,5
Volkswagen Taigun,Volkswagen,Taigun,2012,2.8,110121,Diesel,Individual,Automatic,Second Owner,18.2,1027.0,78.7,5
Renault Kwid,Renault,Kwid,2020,3.8,61595,Diesel,Individual,Manual,First Owner,19.2,1206.0,81.4,5
Honda Amaze,Honda,Amaze,2019,4.59,81225,Petrol,Dealer,Automatic,First Owner,21.0,800.0,81.1,5
Tata Harrier,Tata,Harrier,2016,2.07,131113,Petrol,Dealer,Manual,First Owner,14.4,1724.0,102.5,5
Hyundai Creta,Hyundai,Creta,2021,5.14,90724,Petrol,Dealer,Manual,First Owner,11.9,1956.0,126.1,5
Honda Jazz,Honda,Jazz,2020,5.33,96005,Petrol,Individual,Automatic,First Owner,19.3,1260.0,94.6,5
Hyundai Grand i10,Hyundai,Grand i10,2017,3.19,79823,Petrol,Individual,Automatic,First Owner,16.4,1433.0,102.3,5
Honda Jazz,Honda,Jazz,2014,2.94,111591,Petrol,Individual,Manual,First Owner,17.3,1578.0,107.0,5
Ford Endeavour,Ford,Endeavour,2012,2.04,142484,Petrol,Dealer,Automatic,First Owner,21.3,800.0,67.6,7
Maruti Dzire,Maruti,Dzire,2024,6.37,44676,Electric,Individual,Automatic,Third Owner,15.6,1525.0,,5
Maruti Wagon R,Maruti,Wagon R,2015,2.27,110875,Petrol,Dealer,Automatic,First Owner,21.3,1051.0,86.1,5
Hyundai i20,Hyundai,i20,2015,2.55,126709,Diesel,Individual,Manual,First Owner,12.7,2002.0,135.4,5
Kia Carens,Kia,Carens,2020,5.59,76827,Petrol,Individual,Manual,Second Owner,21.1,1134.0,70.6,5
Toyota Fortuner,Toyota,Fortuner,2015,4.11,121973,Petrol,Dealer,Manual,Second Owner,19.2,1518.0,101.1,5
Maruti Swift,Maruti,Swift,2016,1.78,145540,CNG,Individual,Manual,First Owner,20.8,1138.0,65.2,5
Kia EV6,Kia,EV6,2021,6.89,74219,Petrol,Dealer,Manual,First Owner,13.7,1969.0,135.5,7
Tata Tiago,Tata,Tiago,2019,3.84,116945,Diesel,Individual,Manual,First Owner,24.4,1021.0,72.9,5
Tata Harrier,Tata,Harrier,2020,4.56,96806,Electric,Individual,Manual,First Owner,16.4,1608.0,114.2,5
Kia Carens,Kia,Carens,2012,3.5,104220,Diesel,Dealer,Manual,First Owner,17.6,1419.0,92.2,7
Maruti Wagon R,Maruti,Wagon R,2017,1.87,79752,Petrol,Dealer,Manual,Second Owner,17.5,1342.0,74.0,5
Hyundai Creta,Hyundai,Creta,2018,3.56,79160,Petrol,Individual,Manual,Second Owner,15.6,1280.0,106.5,5
Toyota Glanza,Toyota,Glanza,2020,6.76,65693,Petrol,Individual,Manual,First Owner,22.2,967.0,69.2,5
Maruti Wagon R,Maruti,Wagon R,2013,2.34,128013,Petrol,Dealer,Automatic,First Owner,19.4,800.0,51.0,5
Ford Figo,Ford,Figo,2014,2.43,137022,Petrol,Trustmark Dealer,Manual,First Owner,18.1,1576.0,110.8,5
Hyundai Verna,Hyundai,Verna,2021,5.0,105613,CNG,Dealer,Manual,First Owner,21.6,1029.0,87.9,5
Maruti Swift,Maruti,Swift,2020,3.56,91279,Diesel,Dealer,Manual,First Owner,17.3,1609.0,101.9,5
Hyundai Creta,Hyundai,Creta,2022,6.2,61695,Petrol,Individual,Manual,First Owner,16.3,1323.0,87.0,5
Tata Nexon,Tata,Nexon,2015,1.97,71190,Petrol,Individual,Manual,First Owner,15.3,1620.0,106.0,5
Maruti Swift,Maruti,Swift,2024,5.33,60052,Diesel,Dealer,Automatic,Third Owner,11.4,1481.0,87.6,5
Maruti Dzire,Maruti,Dzire,2015,2.01,117566,CNG,Dealer,Manual,First Owner,20.3,800.0,53.5,5
Renault Duster,Renault,Duster,2020,4.06,88524,Petrol,Dealer,Manual,First Owner,18.7,1415.0,107.1,5
Hyundai Grand i10,Hyundai,Grand i10,2014,2.06,169837,Petrol,Dealer,Manual,First Owner,,1080.0,73.3,7
Tata Harrier,Tata,Harrier,2023,4.92,92293,CNG,Dealer,Automatic,First Owner,14.9,1608.0,96.7,7
Maruti Swift,Maruti,Swift,2016,2.09,127771,CNG,Individual,Automatic,First Owner,16.6,1407.0,88.8,5
Hyundai i20,Hyundai,i20,2022,6.69,50334,CNG,Individual,Automatic,First Owner,19.6,1411.0,101.2,5
Hyundai Creta,Hyundai,Creta,2016,2.6,99214,Petrol,Trustmark Dealer,Manual,First Owner,18.8,1105.0,60.0,7
Toyota Innova,Toyota,Innova,2022,9.82,69413,Petrol,Individual,Automatic,Second Owner,23.8,881.0,65.5,5
Hyundai Verna,Hyundai,Verna,2017,2.41,86941,Petrol,Individual,Manual,Third Owner,,1048.0,92.3,7
Kia Sonet,Kia,Sonet,2012,3.19,147510,Petrol,Individual,Manual,First Owner,21.0,800.0,75.2,5
Kia Seltos,Kia,Seltos,2014,3.65,131351,CNG,Dealer,Automatic,First Owner,18.6,993.0,74.2,5
Maruti Wagon R,Maruti,Wagon R,2020,3.25,60557,Petrol,Dealer,Manual,First Owner,24.7,800.0,69.5,5
Maruti Dzire,Maruti,Dzire,2014,1.74,149829,Diesel,Dealer,Automatic,First Owner,20.9,800.0,69.5,5
Maruti Dzire,Maruti,Dzire,2015,1.98,119250,CNG,Individual,Manual,Third Owner,22.4,1241.0,82.2,5
Toyota Fortuner,Toyota,Fortuner,2019,8.25,52960,Electric,Individual,Manual,First Owner,16.5,1387.0,98.7,5
Maruti Swift,Maruti,Swift,2015,1.89,115870,Diesel,Individual,Manual,Second Owner,21.4,1189.0,94.7,5
Renault Kiger,Renault,Kiger,2013,2.12,136186,CNG,Dealer,Automatic,Second Owner,19.5,1025.0,61.3,5
Volkswagen Taigun,Volkswagen,Taigun,2020,4.03,105901,Petrol,Individual,Manual,First Owner,21.9,868.0,67.4,7
Renault Kiger,Renault,Kiger,2020,3.81,77075,Petrol,Dealer,Automatic,First Owner,16.5,1089.0,77.8,7
Honda City,Honda,City,2021,5.27,96214,Petrol,Individual,Manual,First Owner,,912.0,66.0,5
Mahindra Scorpio,Mahindra,Scorpio,2024,9.99,62617,Electric,Dealer,Automatic,First Owner,16.3,1178.0,79.9,5
Maruti Baleno,Maruti,Baleno,2013,2.08,101068,CNG,Individual,Manual,First Owner,21.1,800.0,60.9,5
Tata Harrier,Tata,Harrier,2017,2.76,72866,Petrol,Dealer,Manual,Third Owner,13.9,1445.0,97.0,5
Hyundai Verna,Hyundai,Verna,2015,2.39,141696,Petrol,Dealer,Manual,First Owner,19.2,1002.0,79.1,7
Mahindra XUV500,Mahindra,XUV500,2023,8.25,91311,Petrol,Individual,Manual,First Owner,19.8,1332.0,92.1,5
Honda Amaze,Honda,Amaze,2019,4.58,98104,Petrol,Individual,Manual,First Owner,17.7,1511.0,96.7,7
Volkswagen Vento,Volkswagen,Vento,2013,2.32,162905,Diesel,Individual,Manual,First Owner,15.2,1315.0,80.6,5
Maruti Swift,Maruti,Swift,2020,3.24,107745,Petrol,Individual,Manual,First Owner,13.0,1480.0,92.6,7
Mahindra Scorpio,Mahindra,Scorpio,2012,2.56,151539,Diesel,Dealer,Automatic,Second Owner,21.5,800.0,61.1,7
Honda City,Honda,City,2015,2.89,96951,Diesel,Individual,Manual,First Owner,22.5,1028.0,65.9,5
Honda WR-V,Honda,WR-V,2021,6.34,116091,Petrol,Dealer,Automatic,First Owner,14.3,1586.0,109.8,7
Mahindra XUV500,Mahindra,XUV500,2018,4.46,109298,Petrol,Individual,Manual,First Owner,21.5,1378.0,94.2,5
Tata Harrier,Tata,Harrier,2021,5.74,69511,Electric,Dealer,Automatic,First Owner,14.7,1847.0,,5
Tata Tiago,Tata,Tiago,2019,3.79,76298,Diesel,Individual,Manual,First Owner,11.1,1797.0,108.7,5
Toyota Etios,Toyota,Etios,2022,9.4,77149,Petrol,Individual,Manual,Second Owner,14.6,1305.0,80.1,5
Maruti Baleno,Maruti,Baleno,2019,3.54,54236,Petrol,Individual,Manual,First Owner,20.4,1112.0,85.2,5
Hyundai Creta,Hyundai,Creta,2012,2.16,151892,CNG,Dealer,Manual,Second Owner,,865.0,63.6,5
Maruti Swift,Maruti,Swift,2012,2.4,115521,Diesel,Individual,Manual,Second Owner,22.2,1033.0,70.2,5
Maruti Wagon R,Maruti,Wagon R,2022,4.21,79653,Diesel,Dealer,Manual,First Owner,16.7,1057.0,78.7,5
Renault Kiger,Renault,Kiger,2012,2.11,125024,Diesel,Individual,Automatic,First Owner,19.7,992.0,74.9,5
Toyota Etios,Toyota,Etios,2016,4.0,104682,CNG,Trustmark Dealer,Manual,Second Owner,20.1,879.0,53.3,5
Hyundai Creta,Hyundai,Creta,2012,2.4,119847,Petrol,Dealer,Manual,Third Owner,17.3,1341.0,99.8,7
Tata Altroz,Tata,Altroz,2015,2.73,113452,Diesel,Dealer,Automatic,First Owner,14.3,1794.0,110.4,5
Tata Altroz,Tata,Altroz,2019,2.78,132566,Petrol,Dealer,Manual,First Owner,15.8,1527.0,112.6,5
Toyota Fortuner,Toyota,Fortuner,2014,4.04,153971,Diesel,Individual,Manual,First Owner,19.3,1087.0,64.1,7
Kia Seltos,Kia,Seltos,2018,6.03,105298,Electric,Dealer,Automatic,Second Owner,17.0,1555.0,103.1,5
Kia Sonet,Kia,Sonet,2024,13.27,57943,Electric,Individual,Automatic,Second Owner,18.2,1321.0,86.2,5
Tata Nexon,Tata,Nexon,2012,2.37,155072,Petrol,Dealer,Automatic,Second Owner,20.8,1186.0,64.4,5
Hyundai Verna,Hyundai,Verna,2012,3.02,161359,Diesel,Individual,Automatic,First Owner,16.1,1164.0,84.3,7
Tata Tiago,Tata,Tiago,2015,2.14,98743,CNG,Individual,Manual,First Owner,15.1,1130.0,61.8,5
Honda City,Honda,City,2022,7.1,69796,Electric,Dealer,Manual,Second Owner,19.1,1428.0,91.2,5
Tata Nexon,Tata,Nexon,2017,2.22,63916,Diesel,Individual,Manual,First Owner,16.2,1249.0,92.5,5
Toyota Glanza,Toyota,Glanza,2020,7.37,109208,Petrol,Individual,Automatic,Second Owner,19.0,945.0,62.7,5
Honda Amaze,Honda,Amaze,2012,2.66,181930,Petrol,Individual,Automatic,First Owner,18.6,928.0,58.8,5
Hyundai Creta,Hyundai,Creta,2021,5.21,79761,CNG,Dealer,Manual,Second Owner,16.5,1307.0,93.3,7
Hyundai Grand i10,Hyundai,Grand i10,2012,2.45,89749,Diesel,Individual,Manual,Second Owner,14.6,1350.0,87.3,7
Tata Tiago,Tata,Tiago,2021,4.3,91395,Diesel,Individual,Manual,First Owner,17.8,1090.0,71.7,7
Maruti Wagon R,Maruti,Wagon R,2013,1.96,110110,Diesel,Trustmark Dealer,Manual,First Owner,21.8,804.0,69.4,5
Maruti Swift,Maruti,Swift,2023,5.09,50406,Petrol,Trustmark Dealer,Automatic,Second Owner,15.9,1638.0,95.8,5
Ford Endeavour,Ford,Endeavour,2015,2.49,130784,Petrol,Individual,Manual,First Owner,17.3,1564.0,97.3,7
Tata Harrier,Tata,Harrier,2014,2.21,129100,Diesel,Individual,Manual,Second Owner,19.6,800.0,65.9,5
Hyundai Creta,Hyundai,Creta,2016,2.93,99761,Petrol,Individual,Automatic,First Owner,17.5,1669.0,96.9,5
Honda Jazz,Honda,Jazz,2012,2.71,122208,Diesel,Trustmark Dealer,Manual,First Owner,17.7,1127.0,91.2,5
Volkswagen Taigun,Volkswagen,Taigun,2014,2.85,126268,Diesel,Individual,Manual,First Owner,13.7,1266.0,82.9,5
Hyundai Verna,Hyundai,Verna,2019,4.56,81991,Diesel,Individual,Manual,Third Owner,16.8,1598.0,109.9,5
Renault Triber,Renault,Triber,2015,2.16,92596,Petrol,Individual,Manual,Second Owner,16.7,1778.0,119.8,5
Kia EV6,Kia,EV6,2016,4.67,103183,Diesel,Individual,Manual,Second Owner,,1551.0,99.1,5
Toyota Innova,Toyota,Innova,2022,8.4,78971,Petrol,Individual,Manual,Second Owner,20.3,1284.0,81.8,5
Ford EcoSport,Ford,EcoSport,2013,2.48,126081,Petrol,Dealer,Manual,First Owner,18.9,800.0,58.7,5
Maruti Swift,Maruti,Swift,2017,1.96,72902,Petrol,Individual,Manual,Third Owner,21.9,800.0,64.7,7
Mahindra Bolero,Mahindra,Bolero,2014,2.9,145259,Petrol,Individual,Manual,First Owner,20.1,1507.0,90.0,5
Tata Altroz,Tata,Altroz,2018,3.37,37246,CNG,Dealer,Manual,First Owner,,1670.0,97.2,5
Kia Seltos,Kia,Seltos,2016,3.61,100679,CNG,Individual,Automatic,First Owner,19.5,915.0,77.2,5
Honda City,Honda,City,2012,2.61,122855,Petrol,Individual,Manual,First Owner,18.6,,70.0,5
Maruti Wagon R,Maruti,Wagon R,2012,2.19,139759,Diesel,Individual,Manual,Second Owner,22.7,1005.0,73.1,5
Maruti Dzire,Maruti,Dzire,2023,4.62,77356,Petrol,Dealer,Automatic,First Owner,20.3,996.0,68.2,5
Ford Aspire,Ford,Aspire,2012,2.42,161288,Diesel,Individual,Manual,Second Owner,20.5,1576.0,100.4,5
Honda City,Honda,City,2022,6.31,55827,CNG,Dealer,Manual,Third Owner,18.5,1276.0,96.6,5
Maruti Swift,Maruti,Swift,2023,5.2,77904,Diesel,Individual,Automatic,First Owner,17.5,1120.0,75.9,5
Volkswagen Taigun,Volkswagen,Taigun,2018,2.91,101808,Petrol,Individual,Manual,First Owner,12.0,2130.0,129.3,5
Renault Kiger,Renault,Kiger,2016,2.31,72846,Petrol,Individual,Manual,Second Owner,20.7,800.0,56.8,5
Honda WR-V,Honda,WR-V,2022,6.12,113311,Petrol,Individual,Automatic,First Owner,13.2,1392.0,87.5,5
Tata Altroz,Tata,Altroz,2024,6.64,26846,CNG,Individual,Manual,Second Owner,19.4,833.0,55.5,5
Maruti Swift,Maruti,Swift,2013,1.94,139228,Diesel,Dealer,Manual,First Owner,17.7,1145.0,74.0,5
Volkswagen Virtus,Volkswagen,Virtus,2024,6.82,67079,Petrol,Individual,Manual,First Owner,18.5,1252.0,97.2,5
Hyundai Creta,Hyundai,Creta,2024,7.05,64564,Petrol,Individual,Manual,First Owner,20.6,1496.0,103.0,5
Kia Sonet,Kia,Sonet,2013,3.49,119119,CNG,Trustmark Dealer,Automatic,First Owner,18.9,1109.0,73.2,5
Tata Altroz,Tata,Altroz,2012,2.33,154699,Petrol,Individual,Manual,First Owner,15.2,1072.0,81.8,7
Honda WR-V,Honda,WR-V,2021,5.6,43671,Diesel,Individual,Manual,First Owner,17.0,1102.0,62.9,7
Hyundai Creta,Hyundai,Creta,2013,2.51,128551,Diesel,Individual,Manual,First Owner,21.0,822.0,71.2,5
Maruti Wagon R,Maruti,Wagon R,2019,3.63,78594,Petrol,Individual,Automatic,Second Owner,17.3,1421.0,103.5,5
Volkswagen Taigun,Volkswagen,Taigun,2012,2.61,121599,Petrol,Trustmark Dealer,Manual,First Owner,21.0,1298.0,,5
Honda WR-V,Honda,WR-V,2020,4.58,93932,Petrol,Trustmark Dealer,Manual,First Owner,19.4,1352.0,97.5,5
Honda WR-V,Honda,WR-V,2015,2.67,140704,Petrol,Individual,Manual,First Owner,20.3,1176.0,83.2,5
Mahindra XUV500,Mahindra,XUV500,2013,3.13,122448,Diesel,Trustmark Dealer,Manual,First Owner,18.3,1132.0,87.6,5
Mahindra Bolero,Mahindra,Bolero,2012,2.82,153674,Diesel,Individual,Manual,First Owner,18.2,1611.0,98.6,5
Renault Duster,Renault,Duster,2014,2.43,124594,Petrol,Trustmark Dealer,Automatic,Second Owner,14.6,1558.0,97.5,7
Maruti Wagon R,Maruti,Wagon R,2019,2.72,71359,Petrol,Dealer,Manual,First Owner,17.5,1695.0,107.7,5
Toyota Glanza,Toyota,Glanza,2012,4.17,130825,Petrol,Individual,Manual,Second Owner,17.0,1330.0,99.1,5
Kia EV6,Kia,EV6,2022,8.37,64911,Petrol,Dealer,Manual,First Owner,12.8,1673.0,100.2,7
Tata Altroz,Tata,Altroz,2019,3.74,75673,Diesel,Dealer,Manual,First Owner,20.3,1054.0,65.3,5
Maruti Wagon R,Maruti,Wagon R,2015,1.61,126426,Diesel,Individual,Manual,First Owner,21.5,1130.0,79.0,5
Renault Duster,Renault,Duster,2024,6.4,63662,Diesel,Individual,Automatic,Second Owner,15.2,1618.0,109.7,7
Honda Jazz,Honda,Jazz,2020,4.5,49505,Petrol,Dealer,Manual,Third Owner,19.8,1495.0,91.6,5
Honda Amaze,Honda,Amaze,2020,6.31,48166,Diesel,Individual,Automatic,First Owner,15.6,1098.0,80.8,5
Mahindra XUV500,Mahindra,XUV500,2014,2.67,132843,Petrol,Individual,Manual,Third Owner,18.0,834.0,71.8,5
Toyota Glanza,Toyota,Glanza,2021,10.52,60063,Electric,Individual,Manual,First Owner,18.4,1129.0,86.7,5
Tata Tiago,Tata,Tiago,2019,3.12,97644,Diesel,Dealer,Manual,First Owner,18.9,960.0,70.6,5
Tata Harrier,Tata,Harrier,2024,6.12,75680,CNG,Individual,Manual,Second Owner,13.6,1804.0,113.5,7
Tata Tiago,Tata,Tiago,2018,3.07,69539,Petrol,Individual,Manual,First Owner,,1466.0,109.5,5
Maruti Swift,Maruti,Swift,2020,4.6,53446,Petrol,Individual,Automatic,First Owner,18.8,932.0,66.4,7
Volkswagen Polo,Volkswagen,Polo,2016,3.0,147337,Diesel,Individual,Automatic,First Owner,19.6,834.0,68.4,5
Renault Kiger,Renault,Kiger,2012,2.35,144234,Petrol,Dealer,Automatic,Second Owner,20.4,928.0,81.7,7
Hyundai Verna,Hyundai,Verna,2013,3.37,120776,Diesel,Individual,Automatic,First Owner,18.1,1004.0,76.9,5
Hyundai Creta,Hyundai,Creta,2023,6.46,44453,Petrol,Dealer,Manual,Second Owner,18.4,1142.0,69.8,5
Kia Carens,Kia,Carens,2021,8.03,66770,Electric,Individual,Manual,First Owner,14.9,1590.0,92.5,7
Maruti Swift,Maruti,Swift,2016,1.94,84307,Petrol,Dealer,Manual,Second Owner,17.8,862.0,60.0,7
Honda City,Honda,City,2021,6.03,97435,CNG,Individual,Automatic,First Owner,15.4,2001.0,130.7,5
Tata Nexon,Tata,Nexon,2012,1.7,119411,Petrol,Dealer,Manual,First Owner,23.6,870.0,66.4,5
Ford Endeavour,Ford,Endeavour,2012,2.19,160557,Petrol,Individual,Manual,First Owner,22.7,800.0,76.7,5
Maruti Swift,Maruti,Swift,2018,2.61,88686,Petrol,Dealer,Manual,First Owner,15.7,1791.0,117.0,5
Ford EcoSport,Ford,EcoSport,2020,4.31,61546,Petrol,Individual,Manual,First Owner,14.5,1662.0,103.8,5
Tata Harrier,Tata,Harrier,2024,6.62,49121,Electric,Individual,Automatic,First Owner,18.1,1136.0,68.4,5
Toyota Etios,Toyota,Etios,2021,8.86,20268,CNG,Individual,Manual,First Owner,19.7,1333.0,97.8,5
Maruti Baleno,Maruti,Baleno,2015,1.94,114343,Electric,Individual,Manual,First Owner,13.0,1342.0,88.8,5
Tata Harrier,Tata,Harrier,2022,7.03,67757,Electric,Individual,Automatic,Third Owner,17.3,1248.0,71.6,7
Honda City,Honda,City,2018,3.41,115644,Diesel,Dealer,Manual,First Owner,22.0,800.0,59.2,5
Hyundai Creta,Hyundai,Creta,2022,4.84,30001,Petrol,Dealer,Manual,First Owner,18.3,800.0,51.0,7
Maruti Baleno,Maruti,Baleno,2014,1.74,149061,CNG,Dealer,Manual,First Owner,20.8,904.0,61.3,5
Maruti Baleno,Maruti,Baleno,2012,1.96,154553,Petrol,Trustmark Dealer,Manual,First Owner,15.6,1836.0,116.0,5
Hyundai Grand i10,Hyundai,Grand i10,2012,2.54,164044,Diesel,Individual,Manual,First Owner,,1849.0,109.5,5
Maruti Swift,Maruti,Swift,2024,4.69,57340,Petrol,Individual,Manual,Second Owner,19.0,1108.0,72.0,5
Mahindra XUV500,Mahindra,XUV500,2013,2.61,152305,Diesel,Dealer,Manual,First Owner,19.0,865.0,56.6,5
Tata Altroz,Tata,Altroz,2024,6.09,26132,Petrol,Individual,Manual,First Owner,18.6,1297.0,80.6,7
Volkswagen Vento,Volkswagen,Vento,2021,4.69,93687,Petrol,Individual,Manual,First Owner,18.8,1354.0,81.4,5
Mahindra Bolero,Mahindra,Bolero,2013,2.86,113034,Petrol,Individual,Automatic,First Owner,18.0,1410.0,88.7,5
Maruti Wagon R,Maruti,Wagon R,2023,4.75,28669,Petrol,Individual,Manual,First Owner,20.7,800.0,51.8,5
Toyota Innova,Toyota,Innova,2013,3.96,105268,Petrol,Individual,Manual,Third Owner,12.8,2305.0,146.5,5
Kia Seltos,Kia,Seltos,2013,3.74,130121,Petrol,Individual,Manual,First Owner,13.8,1596.0,104.4,5
Toyota Fortuner,Toyota,Fortuner,2019,6.99,72865,Petrol,Dealer,Manual,First Owner,18.7,1131.0,86.8,5
Tata Tiago,Tata,Tiago,2015,2.32,125273,Diesel,Dealer,Automatic,Second Owner,18.1,949.0,82.3,5
Tata Nexon,Tata,Nexon,2015,2.28,77218,Petrol,Trustmark Dealer,Manual,Second Owner,18.5,1546.0,105.4,5
Maruti Swift,Maruti,Swift,2014,2.08,76703,Diesel,Individual,Manual,Second Owner,18.7,1373.0,94.1,5
Honda Amaze,Honda,Amaze,2019,3.88,121192,Petrol,Individual,Manual,Second Owner,19.5,1232.0,88.7,5
Mahindra Bolero,Mahindra,Bolero,2012,3.17,156383,Diesel,Dealer,Automatic,First Owner,20.9,1360.0,93.5,7
Mahindra XUV500,Mahindra,XUV500,2015,3.07,93915,Petrol,Individual,Manual,First Owner,17.9,1161.0,79.3,5
Maruti Baleno,Maruti,Baleno,2019,3.29,90934,Petrol,Individual,Automatic,Second Owner,16.5,1341.0,88.5,5
Ford Endeavour,Ford,Endeavour,2018,3.5,119929,Diesel,Dealer,Manual,Second Owner,16.2,1454.0,86.8,7
Hyundai i20,Hyundai,i20,2021,5.23,87222,Diesel,Dealer,Manual,Second Owner,14.5,1320.0,,5
Kia Seltos,Kia,Seltos,2014,3.08,126760,Petrol,Individual,Manual,First Owner,14.7,1302.0,86.4,5
Maruti Swift,Maruti,Swift,2020,2.85,108593,Petrol,Dealer,Manual,Second Owner,16.9,1688.0,119.4,5
Kia Carens,Kia,Carens,2021,7.85,61924,Petrol,Dealer,Manual,First Owner,17.8,800.0,66.3,5
Renault Triber,Renault,Triber,2017,2.26,104685,Petrol,Dealer,Manual,First Owner,17.7,921.0,60.6,5
Maruti Swift,Maruti,Swift,2015,1.95,116607,Petrol,Individual,Manual,First Owner,18.1,1209.0,91.5,5
Maruti Baleno,Maruti,Baleno,2019,3.07,84999,Diesel,Dealer,Manual,First Owner,18.9,945.0,46.5,5
Renault Triber,Renault,Triber,2019,3.22,82424,Petrol,Dealer,Manual,Second Owner,20.9,1061.0,88.8,7
Maruti Swift,Maruti,Swift,2013,2.04,131603,Diesel,Individual,Manual,First Owner,15.9,1651.0,,5
Honda City,Honda,City,2019,3.95,91756,Petrol,Dealer,Manual,First Owner,17.0,1148.0,82.1,5
Kia Carens,Kia,Carens,2014,3.83,100434,Petrol,Dealer,Manual,First Owner,22.5,800.0,62.4,7
Honda Jazz,Honda,Jazz,2019,3.79,108639,Petrol,Individual,Manual,First Owner,20.6,1052.0,81.8,5
Tata Harrier,Tata,Harrier,2024,5.69,37019,Petrol,Individual,Manual,First Owner,15.4,1220.0,79.5,5
Tata Altroz,Tata,Altroz,2018,2.46,92698,Petrol,Individual,Manual,First Owner,18.8,1214.0,64.6,5
Maruti Dzire,Maruti,Dzire,2021,3.91,71503,Diesel,Dealer,Manual,Second Owner,15.8,1395.0,89.1,5
Mahindra Bolero,Mahindra,Bolero,2016,3.31,118378,Diesel,Individual,Manual,First Owner,15.9,1366.0,88.4,5
Hyundai i20,Hyundai,i20,2023,6.28,18379,Petrol,Individual,Manual,First Owner,22.3,1151.0,61.9,5
Maruti Wagon R,Maruti,Wagon R,2022,3.89,91100,Petrol,Individual,Automatic,First Owner,20.8,800.0,59.4,7
Hyundai Grand i10,Hyundai,Grand i10,2023,6.37,50106,CNG,Dealer,Manual,First Owner,18.8,1046.0,63.9,5
Mahindra Bolero,Mahindra,Bolero,2021,5.05,104839,Petrol,Dealer,Manual,First Owner,19.7,982.0,74.2,7
Maruti Wagon R,Maruti,Wagon R,2020,3.75,73980,Petrol,Individual,Manual,Third Owner,20.6,1100.0,73.5,5
Renault Kiger,Renault,Kiger,2018,3.26,96425,CNG,Individual,Automatic,First Owner,15.6,1442.0,110.0,5
Ford Endeavour,Ford,Endeavour,2024,5.9,100603,Petrol,Individual,Automatic,First Owner,16.5,,,5
Renault Kiger,Renault,Kiger,2023,5.58,58898,Petrol,Individual,Automatic,Second Owner,18.0,1488.0,100.3,5
Mahindra Scorpio,Mahindra,Scorpio,2017,2.73,131254,Petrol,Dealer,Manual,Second Owner,16.0,1066.0,71.9,5
Renault Kiger,Renault,Kiger,2013,1.94,130858,Diesel,Individual,Manual,First Owner,17.4,1728.0,97.1,5
Mahindra Scorpio,Mahindra,Scorpio,2012,2.72,145639,Petrol,Dealer,Manual,First Owner,13.8,1435.0,92.3,5
Maruti Baleno,Maruti,Baleno,2015,2.14,118539,Diesel,Dealer,Manual,Third Owner,17.6,1239.0,89.2,5
Volkswagen Polo,Volkswagen,Polo,2012,2.62,155152,Petrol,Dealer,Automatic,First Owner,14.0,1411.0,97.4,5
Honda WR-V,Honda,WR-V,2014,2.59,108418,Petrol,Individual,Manual,First Owner,17.5,963.0,65.6,5
Honda Jazz,Honda,Jazz,2013,2.19,108350,Petrol,Individual,Manual,Second Owner,23.2,800.0,47.3,5
Kia EV6,Kia,EV6,2024,10.37,44451,Diesel,Individual,Automatic,Second Owner,21.6,988.0,74.5,7
Mahindra XUV500,Mahindra,XUV500,2013,2.94,132193,Petrol,Trustmark Dealer,Manual,Third Owner,19.2,1462.0,98.8,5
Ford Figo,Ford,Figo,2020,4.32,79641,Diesel,Dealer,Automatic,First Owner,15.3,1228.0,89.3,5
Honda City,Honda,City,2016,2.91,126126,Petrol,Dealer,Manual,Third Owner,16.5,1152.0,76.2,5
Tata Harrier,Tata,Harrier,2014,1.94,152204,Petrol,Dealer,Manual,First Owner,20.7,903.0,51.2,5
Tata Altroz,Tata,Altroz,2021,4.51,56531,Petrol,Individual,Manual,Second Owner,22.0,800.0,63.3,5
Tata Harrier,Tata,Harrier,2024,6.03,42353,Petrol,Dealer,Manual,Second Owner,14.0,1699.0,108.4,7
Tata Tiago,Tata,Tiago,2022,4.67,39902,Petrol,Dealer,Manual,First Owner,17.6,1127.0,88.1,5
Maruti Wagon R,Maruti,Wagon R,2024,5.11,103168,Diesel,Individual,Manual,First Owner,16.9,1050.0,73.0,7
Maruti Baleno,Maruti,Baleno,2019,2.68,97702,CNG,Trustmark Dealer,Manual,First Owner,23.0,965.0,67.7,5
Volkswagen Virtus,Volkswagen,Virtus,2020,4.34,95055,Diesel,Dealer,Manual,Second Owner,14.9,1639.0,108.5,7
Tata Harrier,Tata,Harrier,2013,2.15,100515,Diesel,Trustmark Dealer,Automatic,First Owner,16.7,1508.0,93.2,7
Kia Sonet,Kia,Sonet,2023,9.19,64974,Petrol,Dealer,Manual,Second Owner,20.4,861.0,57.2,5
Toyota Glanza,Toyota,Glanza,2021,8.5,89203,Diesel,Individual,Manual,First Owner,18.3,1608.0,102.7,7
Maruti Baleno,Maruti,Baleno,2015,2.07,111439,Petrol,Dealer,Manual,First Owner,16.7,1149.0,70.8,5
Maruti Swift,Maruti,Swift,2016,2.21,134165,Diesel,Individual,Automatic,First Owner,21.9,986.0,67.4,5
Hyundai i20,Hyundai,i20,2019,4.24,141860,CNG,Dealer,Automatic,Second Owner,16.3,1097.0,90.9,5
Mahindra XUV500,Mahindra,XUV500,2012,2.98,115664,Petrol,Individual,Automatic,First Owner,22.2,926.0,74.3,5
Hyundai Verna,Hyundai,Verna,2022,5.56,49014,CNG,Dealer,Automatic,First Owner,17.1,800.0,61.5,5
Honda WR-V,Honda,WR-V,2015,3.17,97689,Diesel,Individual,Manual,First Owner,16.6,1472.0,108.4,5
Kia Seltos,Kia,Seltos,2012,3.16,171836,Petrol,Individual,Manual,Second Owner,22.0,1123.0,70.2,5
Mahindra Scorpio,Mahindra,Scorpio,2016,2.74,133431,CNG,Individual,Manual,Second Owner,18.5,1416.0,112.8,5
Hyundai i20,Hyundai,i20,2022,6.53,68518,Petrol,Dealer,Automatic,First Owner,18.6,1301.0,82.9,5
Maruti Baleno,Maruti,Baleno,2015,1.99,117804,Petrol,Individual,Manual,First Owner,15.2,1392.0,107.6,5
Maruti Dzire,Maruti,Dzire,2019,3.09,73036,Petrol,Individual,Manual,First Owner,19.1,800.0,75.0,5
Maruti Dzire,Maruti,Dzire,2022,4.18,91080,Diesel,Individual,Automatic,First Owner,22.7,897.0,50.3,5
Maruti Baleno,Maruti,Baleno,2012,2.25,128142,Petrol,Individual,Automatic,Second Owner,18.2,1399.0,103.7,5
Honda City,Honda,City,2021,5.75,72278,CNG,Trustmark Dealer,Automatic,First Owner,22.3,800.0,56.7,5
Kia EV6,Kia,EV6,2015,3.71,130393,Petrol,Individual,Manual,First Owner,17.8,1331.0,83.7,5
Honda City,Honda,City,2021,5.65,73864,Petrol,Individual,Manual,Second Owner,20.0,800.0,63.2,5
Toyota Innova,Toyota,Innova,2014,4.52,118330,Diesel,Individual,Manual,First Owner,19.8,1206.0,73.3,5
Hyundai Creta,Hyundai,Creta,2013,2.53,130232,Petrol,Individual,Manual,First Owner,15.7,1763.0,116.0,5
Volkswagen Virtus,Volkswagen,Virtus,2022,6.05,88997,Diesel,Individual,Manual,First Owner,,1471.0,88.4,5
Toyota Glanza,Toyota,Glanza,2022,9.13,107722,Petrol,Individual,Manual,First Owner,17.7,800.0,60.4,5
Renault Duster,Renault,Duster,2024,7.33,71380,Electric,Individual,Automatic,First Owner,18.6,1497.0,108.0,7
Mahindra Scorpio,Mahindra,Scorpio,2020,5.29,102172,Diesel,Individual,Manual,First Owner,15.7,1838.0,119.2,5
Hyundai i20,Hyundai,i20,2018,3.63,93103,Petrol,Individual,Manual,First Owner,11.7,2179.0,132.0,5
Maruti Baleno,Maruti,Baleno,2014,2.06,107928,Petrol,Dealer,Automatic,First Owner,19.8,1366.0,94.5,5
Hyundai Verna,Hyundai,Verna,2015,2.69,131387,Petrol,Individual,Manual,Second Owner,21.0,800.0,47.7,5
Tata Altroz,Tata,Altroz,2020,3.81,88267,Electric,Dealer,Manual,First Owner,18.0,1352.0,82.6,5
Mahindra Thar,Mahindra,Thar,2016,3.27,79202,Diesel,Dealer,Manual,First Owner,17.0,1759.0,,5
Tata Altroz,Tata,Altroz,2018,2.81,90282,Petrol,Dealer,Manual,First Owner,20.0,1135.0,83.7,5
Volkswagen Virtus,Volkswagen,Virtus,2014,2.67,121676,Petrol,Individual,Automatic,First Owner,16.9,1565.0,104.3,5
Honda Jazz,Honda,Jazz,2017,2.99,92769,CNG,Dealer,Manual,First Owner,19.6,906.0,69.1,5
Maruti Wagon R,Maruti,Wagon R,2015,1.64,149598,Petrol,Dealer,Manual,First Owner,21.6,1330.0,87.9,5
Hyundai Grand i10,Hyundai,Grand i10,2013,3.21,140556,Diesel,Trustmark Dealer,Automatic,Second Owner,19.1,800.0,52.7,7
Toyota Glanza,Toyota,Glanza,2013,3.55,160209,Diesel,Dealer,Manual,First Owner,21.7,867.0,74.6,5
Ford Figo,Ford,Figo,2018,3.07,103295,Petrol,Individual,Automatic,Second Owner,18.2,1198.0,75.3,5
Tata Altroz,Tata,Altroz,2016,2.04,112290,Petrol,Trustmark Dealer,Manual,First Owner,19.9,1073.0,77.4,5
Hyundai Verna,Hyundai,Verna,2013,2.81,109394,Petrol,Dealer,Automatic,First Owner,23.0,800.0,58.1,5
Ford EcoSport,Ford,EcoSport,2018,3.3,97762,Petrol,Individual,Manual,First Owner,18.7,1025.0,75.9,5
Maruti Wagon R,Maruti,Wagon R,2014,2.25,123787,Electric,Individual,Manual,First Owner,18.9,1315.0,82.5,5
Kia Sonet,Kia,Sonet,2012,4.61,106423,Diesel,Trustmark Dealer,Automatic,Second Owner,19.0,1170.0,,5
Maruti Dzire,Maruti,Dzire,2013,2.07,118130,Diesel,Individual,Automatic,Second Owner,16.9,1221.0,93.2,5
Maruti Swift,Maruti,Swift,2017,2.22,96887,Petrol,Dealer,Manual,Second Owner,19.4,1456.0,103.0,5
Honda Jazz,Honda,Jazz,2024,6.91,67596,Petrol,Individual,Manual,First Owner,20.4,1080.0,75.7,5
Honda Jazz,Honda,Jazz,2015,2.88,127149,Diesel,Dealer,Manual,First Owner,14.8,1676.0,103.7,5
Honda City,Honda,City,2015,3.3,104210,Petrol,Individual,Automatic,First Owner,22.5,854.0,84.5,5
Tata Harrier,Tata,Harrier,2015,2.12,127315,Petrol,Dealer,Automatic,First Owner,12.9,1875.0,110.2,7
Mahindra XUV500,Mahindra,XUV500,2016,3.44,106494,Petrol,Individual,Manual,First Owner,16.1,1590.0,109.5,5
Honda Amaze,Honda,Amaze,2021,6.03,14868,Diesel,Trustmark Dealer,Manual,First Owner,18.2,1075.0,76.8,5
Tata Harrier,Tata,Harrier,2016,2.08,99836,Diesel,Individual,Manual,First Owner,20.4,1099.0,74.9,5
Tata Altroz,Tata,Altroz,2020,3.86,108237,Petrol,Individual,Automatic,Second Owner,17.0,1272.0,86.4,7
Maruti Wagon R,Maruti,Wagon R,2023,4.97,28000,CNG,Individual,Manual,First Owner,18.7,1410.0,88.5,5
Toyota Innova,Toyota,Innova,2024,10.59,60979,Petrol,Individual,Manual,First Owner,17.4,1583.0,105.5,5
Hyundai Creta,Hyundai,Creta,2019,3.27,125875,Petrol,Trustmark Dealer,Automatic,First Owner,19.8,800.0,61.5,7
Toyota Innova,Toyota,Innova,2021,8.58,61266,Petrol,Individual,Manual,Third Owner,21.1,1353.0,110.8,5
Maruti Swift,Maruti,Swift,2023,4.53,65047,Diesel,Individual,Manual,First Owner,19.1,800.0,67.6,5
Mahindra Bolero,Mahindra,Bolero,2022,6.9,42811,Petrol,Dealer,Manual,First Owner,15.9,1138.0,81.7,5
Tata Nexon,Tata,Nexon,2015,1.95,152799,Petrol,Individual,Manual,First Owner,17.2,1709.0,113.6,7
Kia Carens,Kia,Carens,2013,4.41,128166,Petrol,Individual,Automatic,First Owner,16.3,800.0,73.7,5
Tata Nexon,Tata,Nexon,2013,2.31,131025,Diesel,Dealer,Manual,First Owner,23.5,800.0,51.2,5
Maruti Baleno,Maruti,Baleno,2023,4.72,94794,Diesel,Individual,Manual,Second Owner,18.1,1277.0,83.8,5
Renault Kwid,Renault,Kwid,2019,3.22,105552,Petrol,Dealer,Manual,Second Owner,12.8,1686.0,92.5,7
Toyota Fortuner,Toyota,Fortuner,2015,3.67,97736,CNG,Dealer,Manual,Third Owner,,1314.0,91.7,5
Volkswagen Polo,Volkswagen,Polo,2016,2.49,96259,Petrol,Individual,Manual,First Owner,17.3,800.0,65.8,5
Tata Altroz,Tata,Altroz,2015,2.42,127888,Petrol,Dealer,Manual,Second Owner,21.3,800.0,51.0,5
Toyota Innova,Toyota,Innova,2022,9.57,57769,Diesel,Dealer,Manual,Second Owner,15.5,1234.0,94.4,5
Renault Triber,Renault,Triber,2019,3.42,44420,Diesel,Individual,Manual,First Owner,21.6,800.0,53.2,5
Toyota Fortuner,Toyota,Fortuner,2023,10.64,63828,Petrol,Dealer,Automatic,First Owner,17.5,1248.0,80.9,5
Hyundai Verna,Hyundai,Verna,2015,3.15,84435,Diesel,Individual,Manual,First Owner,17.0,1269.0,85.8,5
Ford Aspire,Ford,Aspire,2018,3.12,133058,Petrol,Individual,Automatic,First Owner,20.3,1029.0,84.3,5
Ford Figo,Ford,Figo,2013,2.23,133889,Diesel,Dealer,Manual,Third Owner,16.1,1835.0,109.1,5
Mahindra XUV500,Mahindra,XUV500,2024,10.09,38586,Diesel,Individual,Manual,Second Owner,19.5,1407.0,94.7,5
Tata Tiago,Tata,Tiago,2018,3.39,82130,Electric,Individual,Automatic,First Owner,14.7,1624.0,110.5,5
Tata Altroz,Tata,Altroz,2019,3.62,49433,Petrol,Individual,Manual,First Owner,16.5,1522.0,103.3,5
Renault Kwid,Renault,Kwid,2017,2.49,79811,Diesel,Dealer,Automatic,First Owner,17.4,1147.0,82.9,5
Honda Jazz,Honda,Jazz,2015,2.57,139359,Diesel,Dealer,Manual,First Owner,19.0,1132.0,83.4,5
Ford Endeavour,Ford,Endeavour,2024,5.33,107599,Petrol,Individual,Manual,First Owner,17.4,1096.0,70.8,5
Tata Altroz,Tata,Altroz,2018,2.73,113480,Petrol,Individual,Manual,First Owner,16.2,1438.0,107.6,5
Hyundai Creta,Hyundai,Creta,2020,5.42,82475,Electric,Trustmark Dealer,Manual,First Owner,18.8,972.0,67.6,5
Volkswagen Polo,Volkswagen,Polo,2012,2.17,126996,Petrol,Individual,Manual,Second Owner,15.6,1804.0,112.3,7
Maruti Wagon R,Maruti,Wagon R,2015,2.27,95957,Diesel,Individual,Manual,Second Owner,19.8,939.0,77.4,5
Maruti Wagon R,Maruti,Wagon R,2022,4.21,116814,Petrol,Individual,Manual,First Owner,18.9,1275.0,80.1,5
Toyota Etios,Toyota,Etios,2013,4.42,125847,Diesel,Individual,Manual,Second Owner,18.6,1120.0,79.2,5
Volkswagen Vento,Volkswagen,Vento,2013,2.5,176543,Petrol,Individual,Automatic,First Owner,18.1,1042.0,66.5,5
Kia Seltos,Kia,Seltos,2022,9.01,102157,Electric,Dealer,Manual,First Owner,14.5,1960.0,143.0,7
Hyundai Verna,Hyundai,Verna,2016,3.54,72202,Diesel,Dealer,Automatic,First Owner,17.4,1046.0,91.0,5
Maruti Wagon R,Maruti,Wagon R,2015,1.67,102349,Petrol,Individual,Manual,First Owner,20.1,1093.0,74.2,5
Mahindra Bolero,Mahindra,Bolero,2019,4.87,76281,Diesel,Individual,Manual,First Owner,19.1,968.0,72.4,7
Maruti Swift,Maruti,Swift,2014,1.86,121743,Diesel,Individual,Manual,First Owner,18.7,1214.0,81.8,7
Maruti Baleno,Maruti,Baleno,2012,2.15,135173,Petrol,Individual,Automatic,First Owner,19.0,1165.0,76.3,5
Hyundai i20,Hyundai,i20,2012,2.02,202417,Petrol,Dealer,Manual,Third Owner,23.7,808.0,60.4,7
Honda City,Honda,City,2013,3.32,106300,Diesel,Individual,Automatic,First Owner,19.9,1051.0,72.5,5
Kia Carens,Kia,Carens,2014,3.14,128537,Diesel,Dealer,Manual,First Owner,17.3,1413.0,80.5,5
Volkswagen Vento,Volkswagen,Vento,2021,4.29,91563,Petrol,Individual,Manual,Third Owner,15.0,1559.0,102.8,5
Ford Figo,Ford,Figo,2015,2.59,116965,CNG,Individual,Automatic,First Owner,19.9,1208.0,81.1,7
Maruti Wagon R,Maruti,Wagon R,2012,2.25,138923,Petrol,Trustmark Dealer,Automatic,First Owner,17.7,1221.0,84.7,5
Hyundai i20,Hyundai,i20,2012,2.64,113514,Petrol,Individual,Manual,Second Owner,16.0,1074.0,73.4,5
Tata Nexon,Tata,Nexon,2018,3.4,99842,Diesel,Individual,Automatic,First Owner,18.9,1024.0,68.4,7
Maruti Baleno,Maruti,Baleno,2022,4.35,82750,Petrol,Individual,Manual,First Owner,20.5,878.0,70.3,5
Hyundai Creta,Hyundai,Creta,2016,2.66,117707,Petrol,Trustmark Dealer,Automatic,First Owner,18.9,800.0,63.3,5
Hyundai Verna,Hyundai,Verna,2012,2.51,149044,Petrol,Individual,Manual,First Owner,19.5,954.0,78.6,5
Maruti Swift,Maruti,Swift,2014,1.73,154577,Petrol,Individual,Manual,Second Owner,16.4,1516.0,102.3,5
Honda Amaze,Honda,Amaze,2018,3.25,118113,Petrol,Individual,Manual,First Owner,19.0,1051.0,71.2,5
Ford Endeavour,Ford,Endeavour,2014,2.66,125068,Diesel,Individual,Automatic,First Owner,21.5,1079.0,79.3,7
Maruti Dzire,Maruti,Dzire,2024,4.97,32721,Petrol,Individual,Manual,Second Owner,16.4,1072.0,58.1,7
Honda Jazz,Honda,Jazz,2021,5.84,64799,Diesel,Individual,Manual,Third Owner,20.0,1636.0,121.8,5
Volkswagen Taigun,Volkswagen,Taigun,2016,2.62,105668,Diesel,Dealer,Manual,First Owner,20.1,875.0,65.3,5
Volkswagen Virtus,Volkswagen,Virtus,2024,7.11,64051,Petrol,Dealer,Automatic,First Owner,19.0,1297.0,103.8,5
Renault Triber,Renault,Triber,2016,2.08,99976,Petrol,Individual,Manual,Third Owner,18.7,,72.7,5
Tata Harrier,Tata,Harrier,2013,2.37,109413,Diesel,Individual,Manual,First Owner,14.7,1224.0,73.4,5
Renault Triber,Renault,Triber,2024,5.27,32359,Petrol,Individual,Manual,First Owner,15.7,1286.0,88.7,5
Hyundai Grand i10,Hyundai,Grand i10,2024,7.44,22174,Petrol,Individual,Manual,First Owner,17.2,1220.0,85.0,5
Tata Tiago,Tata,Tiago,2016,2.32,105331,Diesel,Dealer,Manual,Second Owner,18.8,1478.0,99.0,5
Maruti Swift,Maruti,Swift,2019,3.23,58667,Diesel,Individual,Manual,First Owner,15.6,1190.0,81.9,7
Tata Altroz,Tata,Altroz,2014,2.55,101488,Diesel,Dealer,Automatic,First Owner,13.2,1811.0,109.6,5
Tata Harrier,Tata,Harrier,2020,4.19,75834,Petrol,Individual,Manual,Second Owner,18.6,1216.0,70.0,5
Hyundai Verna,Hyundai,Verna,2020,4.88,55109,Petrol,Dealer,Manual,First Owner,21.5,800.0,61.3,5
Volkswagen Vento,Volkswagen,Vento,2021,4.51,86354,Petrol,Dealer,Manual,First Owner,18.0,1423.0,83.0,5
Hyundai Verna,Hyundai,Verna,2019,4.07,107284,Diesel,Dealer,Manual,First Owner,15.6,,77.5,5
Hyundai Creta,Hyundai,Creta,2021,5.65,65912,Petrol,Dealer,Manual,Second Owner,15.1,1211.0,78.6,5
Maruti Wagon R,Maruti,Wagon R,2019,2.96,81385,Petrol,Dealer,Automatic,First Owner,19.9,1109.0,,5
Tata Harrier,Tata,Harrier,2022,4.43,83323,Petrol,Individual,Manual,Second Owner,23.4,800.0,74.9,5
Hyundai Grand i10,Hyundai,Grand i10,2014,2.83,107792,Diesel,Individual,Manual,First Owner,19.9,800.0,66.8,5
Tata Tiago,Tata,Tiago,2018,3.16,80279,Diesel,Individual,Automatic,First Owner,12.8,1777.0,124.2,5
Hyundai Verna,Hyundai,Verna,2017,2.43,130322,Petrol,Dealer,Manual,Second Owner,18.6,995.0,75.0,5
Volkswagen Virtus,Volkswagen,Virtus,2018,2.96,116952,Petrol,Individual,Manual,First Owner,17.2,1538.0,102.5,5
Kia EV6,Kia,EV6,2013,3.52,143234,Petrol,Trustmark Dealer,Manual,First Owner,20.1,800.0,79.0,7
Honda Amaze,Honda,Amaze,2016,2.42,130864,Petrol,Individual,Manual,Second Owner,23.2,834.0,,5
Toyota Glanza,Toyota,Glanza,2024,12.76,14999,Petrol,Dealer,Automatic,First Owner,18.9,1438.0,90.8,5
Renault Triber,Renault,Triber,2013,1.97,159784,Petrol,Individual,Automatic,First Owner,18.9,1164.0,76.3,5
Mahindra Thar,Mahindra,Thar,2020,5.68,93125,Diesel,Trustmark Dealer,Manual,Second Owner,13.4,1388.0,98.5,5
Toyota Innova,Toyota,Innova,2020,6.69,106737,Diesel,Individual,Manual,First Owner,17.0,1195.0,72.9,5
Kia Sonet,Kia,Sonet,2018,4.54,106017,Electric,Individual,Manual,First Owner,17.6,1127.0,83.1,5
Kia Carens,Kia,Carens,2012,2.95,137576,CNG,Dealer,Manual,First Owner,18.2,962.0,72.5,5
Volkswagen Taigun,Volkswagen,Taigun,2012,2.58,130443,Petrol,Individual,Manual,First Owner,20.9,800.0,65.5,5
Tata Altroz,Tata,Altroz,2015,2.39,125077,Petrol,Individual,Manual,Second Owner,16.0,1691.0,114.4,5
Maruti Swift,Maruti,Swift,2013,2.14,123141,Petrol,Dealer,Manual,First Owner,11.9,1749.0,123.5,5
Maruti Swift,Maruti,Swift,2013,1.83,149093,Diesel,Dealer,Automatic,Second Owner,,836.0,60.6,5
Tata Harrier,Tata,Harrier,2014,2.47,88597,Petrol,Individual,Automatic,Second Owner,20.5,814.0,64.0,5
Honda City,Honda,City,2014,3.21,111585,Petrol,Dealer,Manual,Second Owner,19.7,1078.0,68.4,5
Tata Nexon,Tata,Nexon,2022,4.41,116486,Petrol,Individual,Manual,First Owner,19.2,1319.0,79.8,5
Honda WR-V,Honda,WR-V,2020,4.6,70726,Petrol,Individual,Manual,First Owner,17.2,1136.0,91.6,5
Honda WR-V,Honda,WR-V,2012,2.76,131248,Diesel,Dealer,Manual,Second Owner,19.9,1375.0,84.1,5
Renault Kwid,Renault,Kwid,2020,4.05,65083,Diesel,Individual,Manual,First Owner,18.1,1183.0,85.2,5
Maruti Swift,Maruti,Swift,2013,1.91,137388,Petrol,Individual,Manual,Second Owner,21.6,1160.0,83.0,5
Hyundai Creta,Hyundai,Creta,2017,3.07,87802,CNG,Individual,Automatic,Second Owner,11.9,2045.0,136.9,5
Volkswagen Taigun,Volkswagen,Taigun,2012,2.31,132416,Petrol,Dealer,Manual,First Owner,22.2,1016.0,,5
Renault Kwid,Renault,Kwid,2013,1.96,148675,Petrol,Individual,Manual,First Owner,13.3,1774.0,119.7,5
Mahindra Thar,Mahindra,Thar,2013,2.76,114627,Petrol,Individual,Manual,First Owner,20.6,1706.0,108.4,5
Kia Sonet,Kia,Sonet,2017,3.46,121349,Diesel,Trustmark Dealer,Manual,First Owner,15.5,1376.0,85.9,5
Kia Carens,Kia,Carens,2018,5.14,115589,Diesel,Dealer,Manual,First Owner,22.7,800.0,57.0,5
Hyundai i20,Hyundai,i20,2016,2.4,133709,Petrol,Individual,Manual,First Owner,17.5,,89.9,5
Tata Altroz,Tata,Altroz,2020,4.69,87591,Electric,Trustmark Dealer,Automatic,Second Owner,20.8,1020.0,76.9,5
Hyundai Verna,Hyundai,Verna,2021,4.72,149307,Petrol,Individual,Automatic,First Owner,18.2,1207.0,80.4,5
Toyota Etios,Toyota,Etios,2021,8.3,101199,Petrol,Individual,Automatic,First Owner,18.2,828.0,51.4,5
Kia Seltos,Kia,Seltos,2019,5.68,98147,Diesel,Individual,Manual,Second Owner,11.3,1465.0,87.0,5
Hyundai Creta,Hyundai,Creta,2019,3.88,71729,CNG,Individual,Manual,Second Owner,21.4,1545.0,106.0,5
Honda City,Honda,City,2018,4.04,95364,Diesel,Dealer,Manual,Third Owner,16.2,1610.0,93.3,5
Hyundai Creta,Hyundai,Creta,2015,2.87,148379,Electric,Individual,Manual,First Owner,13.2,1066.0,72.7,5
Maruti Swift,Maruti,Swift,2018,2.27,135109,Petrol,Dealer,Manual,Second Owner,21.0,829.0,82.0,5
Maruti Dzire,Maruti,Dzire,2012,1.91,169023,Diesel,Individual,Automatic,Second Owner,19.0,1323.0,91.4,7
Maruti Baleno,Maruti,Baleno,2024,5.84,75774,Diesel,Individual,Manual,Second Owner,13.5,1815.0,120.8,5
Mahindra Scorpio,Mahindra,Scorpio,2016,2.96,82875,Petrol,Individual,Manual,First Owner,16.8,1224.0,73.8,5
Tata Harrier,Tata,Harrier,2021,3.85,88717,Petrol,Individual,Manual,First Owner,17.4,1358.0,79.9,5
Renault Kwid,Renault,Kwid,2024,7.16,31189,Electric,Trustmark Dealer,Manual,First Owner,21.2,1118.0,82.9,5
Ford EcoSport,Ford,EcoSport,2018,3.02,64775,Petrol,Dealer,Manual,First Owner,19.5,1024.0,69.1,7
Maruti Dzire,Maruti,Dzire,2023,5.0,70261,Petrol,Dealer,Manual,First Owner,20.0,1430.0,103.0,7
Maruti Wagon R,Maruti,Wagon R,2018,1.92,109010,CNG,Dealer,Manual,Second Owner,20.8,1163.0,80.1,5
Renault Kwid,Renault,Kwid,2013,1.94,149874,CNG,Individual,Manual,First Owner,17.1,1341.0,117.2,5
Hyundai Creta,Hyundai,Creta,2012,3.34,147436,Electric,Individual,Automatic,Third Owner,14.2,1378.0,87.0,5
Kia EV6,Kia,EV6,2013,3.37,141694,CNG,Individual,Manual,First Owner,17.2,1322.0,90.8,5
Maruti Swift,Maruti,Swift,2024,5.53,36837,Petrol,Dealer,Manual,Second Owner,18.3,1395.0,85.4,5
Ford Figo,Ford,Figo,2018,2.84,95190,CNG,Individual,Manual,First Owner,20.1,901.0,73.6,7
Renault Kwid,Renault,Kwid,2016,2.46,77343,Petrol,Individual,Automatic,First Owner,21.4,880.0,67.7,5
Hyundai Verna,Hyundai,Verna,2017,3.06,59925,Diesel,Dealer,Manual,First Owner,20.1,1185.0,73.3,7
Hyundai Verna,Hyundai,Verna,2015,2.51,133294,Petrol,Individual,Manual,Second Owner,19.4,1194.0,78.9,5
Mahindra XUV500,Mahindra,XUV500,2023,8.72,48431,Diesel,Individual,Manual,First Owner,18.8,1017.0,82.7,5
Hyundai Creta,Hyundai,Creta,2024,7.73,77694,Diesel,Individual,Manual,First Owner,18.9,1284.0,96.4,7
Tata Altroz,Tata,Altroz,2013,2.33,154383,Diesel,Individual,Manual,Third Owner,21.0,1518.0,,5
Tata Harrier,Tata,Harrier,2021,4.82,64375,Petrol,Individual,Manual,First Owner,13.0,1616.0,101.0,5
Hyundai Grand i10,Hyundai,Grand i10,2016,2.41,123486,Petrol,Dealer,Manual,First Owner,16.6,1694.0,123.5,5
Volkswagen Virtus,Volkswagen,Virtus,2012,2.61,121954,Petrol,Dealer,Automatic,First Owner,24.2,800.0,58.5,5
Volkswagen Virtus,Volkswagen,Virtus,2023,5.67,24390,Petrol,Individual,Manual,First Owner,18.2,800.0,61.3,5
Tata Nexon,Tata,Nexon,2012,2.02,139212,Diesel,Dealer,Manual,First Owner,20.9,1099.0,84.5,5
Renault Duster,Renault,Duster,2014,1.91,113140,Petrol,Dealer,Manual,First Owner,20.4,1228.0,72.7,7
Hyundai Creta,Hyundai,Creta,2012,2.59,126818,Diesel,Dealer,Manual,First Owner,15.8,1117.0,69.7,5
Maruti Dzire,Maruti,Dzire,2018,2.03,140957,Petrol,Trustmark Dealer,Manual,First Owner,20.8,1007.0,68.6,7
Honda Amaze,Honda,Amaze,2019,4.3,57431,Petrol,Dealer,Manual,Second Owner,18.4,1093.0,85.6,7
Mahindra Bolero,Mahindra,Bolero,2016,2.99,118923,Diesel,Individual,Manual,Third Owner,17.3,1369.0,99.3,5
Maruti Baleno,Maruti,Baleno,2012,1.88,114614,Petrol,Individual,Automatic,First Owner,19.9,800.0,65.6,5
Hyundai i20,Hyundai,i20,2013,2.78,149981,Petrol,Individual,Manual,First Owner,16.4,2020.0,125.8,5
Honda Amaze,Honda,Amaze,2024,7.08,65065,Petrol,Individual,Automatic,First Owner,18.1,1207.0,91.2,5
Volkswagen Vento,Volkswagen,Vento,2022,6.7,79845,Petrol,Trustmark Dealer,Automatic,Second Owner,15.4,1568.0,100.8,5
Maruti Wagon R,Maruti,Wagon R,2024,4.5,37712,Diesel,Dealer,Manual,First Owner,,997.0,75.3,5
Tata Nexon,Tata,Nexon,2018,2.96,80657,Petrol,Individual,Manual,Second Owner,16.5,1401.0,100.2,7
Volkswagen Taigun,Volkswagen,Taigun,2019,3.39,111399,Petrol,Trustmark Dealer,Manual,First Owner,16.0,1235.0,97.3,7
Tata Harrier,Tata,Harrier,2022,5.08,110457,Diesel,Dealer,Automatic,First Owner,15.7,1500.0,97.8,5
Maruti Wagon R,Maruti,Wagon R,2020,3.69,95066,Petrol,Individual,Manual,Second Owner,19.0,1130.0,75.0,5
Maruti Dzire,Maruti,Dzire,2017,2.23,84256,Diesel,Trustmark Dealer,Manual,First Owner,16.1,1743.0,122.0,5
Tata Nexon,Tata,Nexon,2015,1.98,124456,Petrol,Individual,Manual,First Owner,23.0,800.0,70.8,7
Tata Nexon,Tata,Nexon,2018,3.02,150904,CNG,Individual,Automatic,First Owner,17.0,1532.0,95.7,5
Renault Duster,Renault,Duster,2012,1.92,138753,Petrol,Individual,Manual,First Owner,17.2,1242.0,75.3,7
Toyota Etios,Toyota,Etios,2014,3.86,155660,Petrol,Trustmark Dealer,Manual,First Owner,18.3,844.0,72.0,7
Ford Aspire,Ford,Aspire,2021,4.53,61712,CNG,Individual,Manual,Second Owner,15.1,1883.0,106.2,5
Mahindra Bolero,Mahindra,Bolero,2023,6.93,64074,Diesel,Individual,Manual,First Owner,14.5,1847.0,103.8,7
Tata Altroz,Tata,Altroz,2013,2.25,143630,Diesel,Dealer,Automatic,First Owner,20.4,800.0,57.7,5
Tata Harrier,Tata,Harrier,2013,2.51,138741,CNG,Dealer,Automatic,First Owner,18.5,1262.0,85.2,5
Kia Carens,Kia,Carens,2013,3.46,113139,Petrol,Individual,Manual,First Owner,18.0,1447.0,86.1,5
Hyundai Verna,Hyundai,Verna,2022,5.56,53690,Diesel,Individual,Manual,Second Owner,18.0,1355.0,91.3,5
Ford Endeavour,Ford,Endeavour,2016,2.78,132242,Diesel,Trustmark Dealer,Automatic,First Owner,15.0,1730.0,112.3,5
Volkswagen Polo,Volkswagen,Polo,2016,2.51,136714,Petrol,Dealer,Manual,First Owner,14.2,1658.0,102.3,5
Maruti Baleno,Maruti,Baleno,2012,1.84,169767,Petrol,Individual,Manual,First Owner,16.6,1293.0,102.4,5
Tata Harrier,Tata,Harrier,2024,5.57,98186,Petrol,Individual,Manual,Third Owner,15.6,1997.0,128.3,5
Hyundai i20,Hyundai,i20,2017,2.76,106961,CNG,Individual,Manual,Second Owner,15.7,1528.0,108.1,5
Maruti Dzire,Maruti,Dzire,2022,4.73,64653,Petrol,Dealer,Automatic,First Owner,16.3,1077.0,62.6,5
Tata Harrier,Tata,Harrier,2021,3.74,107721,Petrol,Individual,Manual,First Owner,21.7,1007.0,58.7,5
Hyundai Verna,Hyundai,Verna,2013,2.77,145687,Diesel,Dealer,Manual,Second Owner,14.0,1635.0,108.6,5
Volkswagen Taigun,Volkswagen,Taigun,2022,6.06,49885,Diesel,Individual,Manual,Second Owner,19.9,922.0,80.5,5
Kia EV6,Kia,EV6,2019,4.92,68260,Petrol,Dealer,Manual,First Owner,20.1,1057.0,65.1,7
Volkswagen Polo,Volkswagen,Polo,2019,3.95,101822,Diesel,Individual,Automatic,Second Owner,18.8,1116.0,77.5,5
Hyundai Grand i10,Hyundai,Grand i10,2014,2.5,119599,Petrol,Dealer,Manual,First Owner,12.7,1324.0,77.9,5
Hyundai i20,Hyundai,i20,2023,6.15,64418,Diesel,Individual,Manual,First Owner,19.5,1132.0,71.5,5
Hyundai Grand i10,Hyundai,Grand i10,2024,6.81,82095,Petrol,Individual,Manual,First Owner,23.2,800.0,60.5,7
Maruti Swift,Maruti,Swift,2017,1.97,120698,Petrol,Individual,Manual,First Owner,17.6,1607.0,99.4,5
Mahindra Scorpio,Mahindra,Scorpio,2013,2.8,159257,Diesel,Individual,Manual,First Owner,14.9,1058.0,62.7,5
Tata Harrier,Tata,Harrier,2023,5.5,22506,Petrol,Individual,Manual,First Owner,18.7,1907.0,109.3,5
Hyundai Verna,Hyundai,Verna,2023,6.67,70574,Petrol,Dealer,Automatic,Second Owner,15.1,1306.0,71.7,5
Renault Kwid,Renault,Kwid,2018,3.23,112783,Petrol,Dealer,Automatic,Second Owner,13.7,1644.0,109.2,5
Tata Altroz,Tata,Altroz,2019,3.72,57415,Diesel,Individual,Manual,First Owner,18.7,1421.0,97.9,5
Maruti Dzire,Maruti,Dzire,2014,1.89,109092,CNG,Individual,Manual,First Owner,16.7,1660.0,111.0,5
Maruti Swift,Maruti,Swift,2012,1.86,118009,Diesel,Individual,Manual,Second Owner,17.4,1400.0,84.7,5
Toyota Glanza,Toyota,Glanza,2024,12.79,58977,Electric,Dealer,Manual,First Owner,16.7,1282.0,93.6,5
Volkswagen Taigun,Volkswagen,Taigun,2018,3.5,133312,CNG,Individual,Manual,First Owner,18.9,1583.0,107.7,5
Hyundai Grand i10,Hyundai,Grand i10,2015,2.39,161496,Petrol,Individual,Automatic,Second Owner,13.4,2070.0,128.9,5
Kia EV6,Kia,EV6,2021,7.68,60085,Petrol,Individual,Automatic,First Owner,15.7,1106.0,74.6,5
Renault Kwid,Renault,Kwid,2012,1.7,148084,CNG,Individual,Manual,First Owner,19.3,1478.0,91.1,5
Renault Kiger,Renault,Kiger,2013,2.1,142293,CNG,Dealer,Automatic,Second Owner,18.8,1198.0,82.4,5
Hyundai Creta,Hyundai,Creta,2015,2.99,125527,Electric,Individual,Manual,First Owner,19.6,1377.0,103.7,5
Maruti Baleno,Maruti,Baleno,2017,1.86,112777,Diesel,Individual,Manual,First Owner,19.4,1215.0,90.9,5
Renault Kiger,Renault,Kiger,2016,1.95,117182,Petrol,Dealer,Manual,Second Owner,25.3,800.0,57.0,5
Hyundai Creta,Hyundai,Creta,2014,2.4,160626,CNG,Individual,Manual,Second Owner,18.1,1130.0,81.5,5
Toyota Etios,Toyota,Etios,2016,4.07,134754,CNG,Dealer,Manual,First Owner,16.4,1550.0,91.4,5
Volkswagen Taigun,Volkswagen,Taigun,2016,3.14,87176,Diesel,Individual,Automatic,First Owner,21.3,932.0,72.1,5
Maruti Baleno,Maruti,Baleno,2018,2.22,115005,CNG,Dealer,Manual,First Owner,15.9,1522.0,92.1,5
Volkswagen Virtus,Volkswagen,Virtus,2019,4.01,110632,Diesel,Dealer,Manual,First Owner,19.6,1264.0,90.0,5
Kia EV6,Kia,EV6,2023,8.13,71929,CNG,Individual,Manual,First Owner,12.8,1133.0,101.1,5
Ford Endeavour,Ford,Endeavour,2022,5.9,96391,Petrol,Dealer,Automatic,First Owner,16.4,1517.0,93.9,5
Tata Harrier,Tata,Harrier,2015,1.85,121137,CNG,Individual,Manual,First Owner,16.8,1438.0,117.5,5
Kia Seltos,Kia,Seltos,2023,9.15,69410,Petrol,Individual,Automatic,Second Owner,17.2,,93.0,5
Honda Jazz,Honda,Jazz,2018,3.88,100167,Petrol,Dealer,Automatic,First Owner,14.6,1556.0,94.6,5
Volkswagen Virtus,Volkswagen,Virtus,2014,2.98,79098,Petrol,Dealer,Manual,Second Owner,19.8,1271.0,78.5,7
Renault Kiger,Renault,Kiger,2016,2.1,108731,Petrol,Individual,Manual,First Owner,19.5,800.0,77.9,7
Volkswagen Taigun,Volkswagen,Taigun,2021,5.16,63298,Petrol,Individual,Manual,Second Owner,19.5,1068.0,77.7,5
Hyundai Grand i10,Hyundai,Grand i10,2022,7.39,45398,Electric,Individual,Automatic,First Owner,20.5,800.0,54.5,5
Maruti Dzire,Maruti,Dzire,2016,2.12,142048,Diesel,Dealer,Manual,First Owner,18.1,,92.0,5
Hyundai Verna,Hyundai,Verna,2014,2.42,134592,CNG,Trustmark Dealer,Manual,Second Owner,19.5,1514.0,101.7,7
Honda WR-V,Honda,WR-V,2014,2.4,122843,Petrol,Individual,Manual,Second Owner,16.9,1530.0,99.1,5
Honda City,Honda,City,2013,2.37,117574,Petrol,Trustmark Dealer,Manual,First Owner,19.1,1371.0,93.2,5
Toyota Etios,Toyota,Etios,2021,10.01,84515,Diesel,Individual,Automatic,First Owner,16.7,1539.0,113.8,7
Tata Harrier,Tata,Harrier,2018,3.16,119311,Diesel,Dealer,Automatic,First Owner,19.5,800.0,50.0,5
Volkswagen Vento,Volkswagen,Vento,2017,2.76,85806,Petrol,Trustmark Dealer,Manual,First Owner,18.3,1162.0,84.1,7
Kia Carens,Kia,Carens,2020,5.94,84393,Diesel,Dealer,Manual,First Owner,20.0,800.0,58.4,5
Hyundai Grand i10,Hyundai,Grand i10,2022,5.7,90597,Diesel,Individual,Manual,Second Owner,20.2,1075.0,70.1,5
Ford Endeavour,Ford,Endeavour,2022,6.77,28907,Diesel,Individual,Automatic,First Owner,15.4,1766.0,120.7,7
Ford Figo,Ford,Figo,2013,2.8,128733,Electric,Individual,Manual,First Owner,14.6,1583.0,90.4,5
Honda Amaze,Honda,Amaze,2019,4.33,81555,Diesel,Dealer,Automatic,First Owner,16.6,1432.0,74.8,5
Maruti Wagon R,Maruti,Wagon R,2023,4.19,62055,Diesel,Trustmark Dealer,Manual,Third Owner,15.6,1136.0,79.3,5
Volkswagen Taigun,Volkswagen,Taigun,2022,5.17,60464,Petrol,Individual,Manual,First Owner,19.9,852.0,60.8,5
Mahindra Scorpio,Mahindra,Scorpio,2016,2.8,113527,Petrol,Individual,Automatic,First Owner,18.0,1265.0,73.8,5
Ford Endeavour,Ford,Endeavour,2017,2.12,146319,Petrol,Individual,Manual,First Owner,19.8,1589.0,88.7,5
Kia Sonet,Kia,Sonet,2023,10.34,57873,Diesel,Individual,Manual,Second Owner,20.2,1343.0,104.3,5
Mahindra Thar,Mahindra,Thar,2012,2.31,142917,Diesel,Individual,Manual,First Owner,18.5,800.0,62.7,5
Hyundai Verna,Hyundai,Verna,2018,3.15,141384,Petrol,Individual,Manual,First Owner,18.5,1237.0,83.2,5
Toyota Glanza,Toyota,Glanza,2013,5.07,117899,Diesel,Dealer,Automatic,First Owner,21.0,800.0,76.6,7
Tata Altroz,Tata,Altroz,2023,6.13,104922,Petrol,Individual,Automatic,Second Owner,16.3,1481.0,104.6,7
Mahindra Scorpio,Mahindra,Scorpio,2012,3.1,136617,Petrol,Dealer,Automatic,First Owner,19.3,957.0,81.8,5
Maruti Baleno,Maruti,Baleno,2012,1.84,175701,CNG,Individual,Manual,First Owner,19.8,800.0,49.6,7
Tata Harrier,Tata,Harrier,2016,2.5,127004,Petrol,Individual,Manual,First Owner,20.5,1486.0,87.0,5
Kia Carens,Kia,Carens,2014,3.7,130256,Petrol,Dealer,Automatic,First Owner,16.4,,96.7,5
Hyundai Verna,Hyundai,Verna,2018,3.42,96056,Petrol,Dealer,Manual,First Owner,18.6,1281.0,88.8,5
Volkswagen Virtus,Volkswagen,Virtus,2015,3.28,103271,Petrol,Individual,Automatic,First Owner,9.0,1967.0,,7
Tata Harrier,Tata,Harrier,2016,2.18,112167,Diesel,Dealer,Manual,First Owner,18.7,1422.0,80.2,5
Mahindra Thar,Mahindra,Thar,2019,4.68,110741,Electric,Individual,Manual,First Owner,22.0,974.0,74.2,5
Kia Seltos,Kia,Seltos,2019,5.34,90711,Diesel,Individual,Manual,First Owner,15.2,1382.0,98.9,7
Hyundai Creta,Hyundai,Creta,2024,7.48,51534,Diesel,Trustmark Dealer,Manual,First Owner,17.9,1100.0,83.0,5
Volkswagen Taigun,Volkswagen,Taigun,2018,2.85,91982,Petrol,Trustmark Dealer,Manual,First Owner,16.8,1643.0,102.1,5
Hyundai Creta,Hyundai,Creta,2019,4.36,112834,Diesel,Individual,Manual,First Owner,17.8,1298.0,90.5,5
Toyota Etios,Toyota,Etios,2020,7.14,111453,Petrol,Trustmark Dealer,Manual,First Owner,18.5,1333.0,82.1,5
Toyota Etios,Toyota,Etios,2014,4.28,108822,Petrol,Dealer,Manual,First Owner,20.0,800.0,56.7,5
Renault Duster,Renault,Duster,2020,2.95,69791,CNG,Individual,Manual,Second Owner,21.9,1221.0,73.8,5
Maruti Wagon R,Maruti,Wagon R,2023,4.16,73345,Petrol,Individual,Manual,Third Owner,17.1,1180.0,73.8,5
Hyundai Grand i10,Hyundai,Grand i10,2016,2.92,144105,Petrol,Individual,Automatic,First Owner,25.7,842.0,59.4,5
Ford Endeavour,Ford,Endeavour,2014,2.2,148711,Petrol,Dealer,Manual,First Owner,21.3,1122.0,72.8,7
Honda WR-V,Honda,WR-V,2016,2.84,82959,Diesel,Trustmark Dealer,Automatic,Third Owner,19.1,1353.0,83.3,5
Honda City,Honda,City,2015,3.02,111190,Petrol,Individual,Automatic,Third Owner,16.3,1198.0,70.5,5
Maruti Dzire,Maruti,Dzire,2019,3.11,70526,Petrol,Individual,Manual,First Owner,22.4,800.0,74.7,5
Hyundai Grand i10,Hyundai,Grand i10,2023,6.77,59114,Diesel,Individual,Manual,First Owner,20.1,,71.7,7
Renault Kiger,Renault,Kiger,2019,3.17,126297,Petrol,Individual,Automatic,Second Owner,15.0,1036.0,74.6,7
Maruti Wagon R,Maruti,Wagon R,2013,2.12,98702,CNG,Dealer,Manual,Third Owner,15.1,1268.0,70.7,5
Tata Altroz,Tata,Altroz,2016,2.49,74884,Petrol,Individual,Automatic,Second Owner,18.9,1230.0,93.5,5
Mahindra XUV500,Mahindra,XUV500,2020,5.55,66271,Diesel,Individual,Manual,First Owner,18.9,1056.0,74.4,5
Maruti Dzire,Maruti,Dzire,2016,2.19,116820,Electric,Individual,Manual,First Owner,18.2,1042.0,68.8,5
Volkswagen Virtus,Volkswagen,Virtus,2019,3.7,104656,Petrol,Dealer,Manual,Third Owner,20.4,1224.0,78.8,5
Hyundai Grand i10,Hyundai,Grand i10,2021,5.1,87623,Diesel,Dealer,Manual,First Owner,14.7,1537.0,106.5,5
Renault Kiger,Renault,Kiger,2016,2.1,136365,Petrol,Dealer,Automatic,First Owner,16.9,1298.0,62.8,5
Volkswagen Taigun,Volkswagen,Taigun,2020,5.01,45712,Diesel,Individual,Manual,Second Owner,14.3,1698.0,101.8,5
Kia Sonet,Kia,Sonet,2017,3.92,130143,CNG,Dealer,Automatic,First Owner,17.1,1597.0,101.9,5
Hyundai i20,Hyundai,i20,2013,2.85,123133,Diesel,Dealer,Manual,First Owner,12.0,1724.0,108.8,5
Honda WR-V,Honda,WR-V,2016,2.9,126592,CNG,Dealer,Automatic,First Owner,14.7,1679.0,127.4,7
Volkswagen Polo,Volkswagen,Polo,2017,3.8,74884,Diesel,Individual,Automatic,First Owner,11.8,1747.0,108.4,5
Hyundai i20,Hyundai,i20,2012,2.42,136609,Diesel,Dealer,Manual,First Owner,19.9,800.0,66.9,5
Hyundai Creta,Hyundai,Creta,2023,6.72,70197,Petrol,Individual,Manual,First Owner,18.5,1427.0,108.0,5
Maruti Wagon R,Maruti,Wagon R,2018,3.0,122926,Diesel,Individual,Automatic,First Owner,,1626.0,109.8,5
Mahindra XUV500,Mahindra,XUV500,2012,3.32,101624,CNG,Trustmark Dealer,Automatic,First Owner,14.2,1690.0,102.6,5
Ford Figo,Ford,Figo,2023,5.98,65676,Diesel,Individual,Manual,First Owner,20.9,930.0,55.9,5
Toyota Etios,Toyota,Etios,2023,9.95,41124,Petrol,Trustmark Dealer,Manual,Third Owner,16.7,1430.0,99.6,5
Volkswagen Virtus,Volkswagen,Virtus,2012,2.56,147620,Petrol,Dealer,Automatic,First Owner,20.9,1226.0,95.6,7
Honda WR-V,Honda,WR-V,2014,2.85,140598,Diesel,Trustmark Dealer,Manual,Third Owner,14.5,1846.0,120.9,5
Tata Tiago,Tata,Tiago,2016,2.11,138817,CNG,Individual,Manual,First Owner,14.6,800.0,68.9,5
Tata Tiago,Tata,Tiago,2018,3.21,85729,Petrol,Dealer,Manual,First Owner,21.6,931.0,86.9,5
Toyota Innova,Toyota,Innova,2021,7.45,98398,Petrol,Dealer,Manual,Second Owner,19.6,800.0,65.7,5
Hyundai i20,Hyundai,i20,2017,2.75,133939,Petrol,Individual,Automatic,Second Owner,17.5,1251.0,75.0,5
Kia Seltos,Kia,Seltos,2019,5.01,54848,Petrol,Individual,Manual,First Owner,14.6,1992.0,125.0,7
Renault Kwid,Renault,Kwid,2012,2.61,149971,Electric,Individual,Automatic,First Owner,15.6,1184.0,91.1,5
Hyundai Grand i10,Hyundai,Grand i10,2020,4.44,105587,Petrol,Individual,Manual,Second Owner,18.3,1235.0,80.9,5
Honda Jazz,Honda,Jazz,2023,7.27,59308,Petrol,Trustmark Dealer,Manual,First Owner,18.3,1393.0,103.7,5
Maruti Dzire,Maruti,Dzire,2018,2.77,70862,Petrol,Individual,Manual,First Owner,19.3,1159.0,78.2,5
Mahindra Scorpio,Mahindra,Scorpio,2017,3.17,124745,Petrol,Dealer,Manual,First Owner,16.4,1328.0,90.7,5
Kia EV6,Kia,EV6,2015,4.93,90610,Electric,Individual,Automatic,First Owner,19.6,1337.0,85.7,5
Kia EV6,Kia,EV6,2024,9.72,54576,Petrol,Individual,Manual,Second Owner,18.0,904.0,66.0,5
Hyundai i20,Hyundai,i20,2012,2.86,135617,Petrol,Trustmark Dealer,Automatic,First Owner,17.3,1167.0,80.9,5
Maruti Dzire,Maruti,Dzire,2015,1.58,132741,Petrol,Individual,Manual,Second Owner,,1460.0,82.4,5
Hyundai i20,Hyundai,i20,2013,2.69,116214,Electric,Dealer,Manual,Second Owner,17.1,1525.0,95.3,5
Maruti Baleno,Maruti,Baleno,2023,4.96,49939,Electric,Individual,Manual,Third Owner,15.2,1654.0,96.1,7
Maruti Swift,Maruti,Swift,2018,2.97,99676,Petrol,Individual,Automatic,First Owner,20.1,1317.0,84.2,7
Maruti Wagon R,Maruti,Wagon R,2023,4.4,87140,Diesel,Individual,Manual,First Owner,18.2,1325.0,81.5,5
Mahindra Bolero,Mahindra,Bolero,2020,4.4,134823,Petrol,Dealer,Manual,First Owner,17.0,1463.0,103.6,5
Maruti Dzire,Maruti,Dzire,2019,3.17,57835,Diesel,Individual,Manual,First Owner,20.0,992.0,77.7,5
Maruti Baleno,Maruti,Baleno,2018,2.17,104437,Petrol,Dealer,Manual,First Owner,21.0,977.0,73.2,5
Renault Kiger,Renault,Kiger,2014,2.27,99596,Diesel,Dealer,Manual,Second Owner,19.1,1156.0,68.4,5
Toyota Fortuner,Toyota,Fortuner,2019,4.88,113413,CNG,Individual,Manual,First Owner,16.9,800.0,58.2,5
Volkswagen Taigun,Volkswagen,Taigun,2020,4.52,63852,Petrol,Individual,Automatic,First Owner,19.7,1342.0,78.0,5
Toyota Etios,Toyota,Etios,2024,11.65,43657,Petrol,Individual,Manual,Second Owner,16.5,1567.0,100.0,7
Kia EV6,Kia,EV6,2019,4.81,78036,Petrol,Dealer,Manual,Second Owner,21.1,951.0,72.5,5
Toyota Fortuner,Toyota,Fortuner,2024,12.37,56823,Petrol,Individual,Manual,First Owner,,1352.0,97.3,7
Honda Jazz,Honda,Jazz,2024,7.82,65610,Petrol,Individual,Automatic,Second Owner,15.9,980.0,72.7,5
Ford Figo,Ford,Figo,2018,3.26,108141,Petrol,Individual,Manual,First Owner,15.8,844.0,71.5,7
Tata Nexon,Tata,Nexon,2017,2.92,103873,Electric,Individual,Manual,Second Owner,12.5,1919.0,122.6,5
Hyundai Grand i10,Hyundai,Grand i10,2013,2.81,100742,Petrol,Dealer,Automatic,First Owner,21.3,849.0,59.8,5
Tata Harrier,Tata,Harrier,2015,1.96,133011,CNG,Individual,Manual,First Owner,23.2,800.0,66.0,5
Maruti Baleno,Maruti,Baleno,2023,5.03,63834,Petrol,Individual,Manual,First Owner,18.5,1275.0,92.4,5
Volkswagen Virtus,Volkswagen,Virtus,2013,2.45,155558,Petrol,Individual,Manual,First Owner,15.7,1294.0,82.0,5
Hyundai Grand i10,Hyundai,Grand i10,2017,3.31,88429,Petrol,Dealer,Manual,Second Owner,15.5,1434.0,96.9,5
Maruti Dzire,Maruti,Dzire,2021,4.77,42749,CNG,Dealer,Automatic,First Owner,17.2,1900.0,117.1,7
Hyundai Creta,Hyundai,Creta,2015,2.63,116251,Petrol,Individual,Automatic,First Owner,17.2,928.0,50.0,5
Renault Kwid,Renault,Kwid,2024,5.89,87010,Petrol,Individual,Automatic,First Owner,23.7,998.0,73.4,7
Hyundai Creta,Hyundai,Creta,2020,5.31,88040,Diesel,Dealer,Automatic,First Owner,19.0,1763.0,101.6,5
Ford Figo,Ford,Figo,2012,2.97,132107,Diesel,Individual,Automatic,Second Owner,20.8,1529.0,101.7,5
Renault Kwid,Renault,Kwid,2015,2.48,97852,Diesel,Individual,Manual,First Owner,17.5,1480.0,84.1,5
Maruti Wagon R,Maruti,Wagon R,2021,3.41,116670,Petrol,Individual,Manual,Second Owner,18.8,994.0,63.9,5
Volkswagen Vento,Volkswagen,Vento,2023,5.86,42348,Petrol,Individual,Manual,Second Owner,16.9,1594.0,99.2,5
Hyundai Grand i10,Hyundai,Grand i10,2024,6.99,42541,Diesel,Individual,Automatic,First Owner,18.6,1481.0,106.1,5
Hyundai i20,Hyundai,i20,2023,6.35,77540,Diesel,Individual,Automatic,Second Owner,16.7,1266.0,80.4,5
Ford Endeavour,Ford,Endeavour,2012,2.66,95667,Diesel,Individual,Automatic,First Owner,17.3,995.0,61.1,5
Kia Carens,Kia,Carens,2021,7.36,106040,Petrol,Individual,Manual,First Owner,17.6,1237.0,85.9,5
Hyundai i20,Hyundai,i20,2013,2.78,143732,Petrol,Individual,Manual,First Owner,13.6,1777.0,111.0,7
Honda Amaze,Honda,Amaze,2012,2.94,156283,CNG,Individual,Automatic,First Owner,22.9,817.0,66.3,7
Hyundai Grand i10,Hyundai,Grand i10,2020,4.88,96778,Diesel,Individual,Manual,First Owner,18.7,920.0,57.5,5
Honda Amaze,Honda,Amaze,2018,3.27,93955,Petrol,Dealer,Manual,First Owner,19.7,980.0,70.6,5
Toyota Etios,Toyota,Etios,2020,6.59,61110,CNG,Dealer,Manual,Second Owner,21.1,1056.0,92.8,5
Toyota Etios,Toyota,Etios,2023,9.71,61918,Diesel,Trustmark Dealer,Manual,First Owner,20.9,1194.0,78.8,7
Toyota Glanza,Toyota,Glanza,2012,3.52,115044,Petrol,Individual,Manual,Third Owner,16.9,1535.0,,5
Maruti Wagon R,Maruti,Wagon R,2018,2.41,108195,Petrol,Individual,Automatic,First Owner,18.2,1361.0,76.6,5
Ford Aspire,Ford,Aspire,2022,5.6,89249,Diesel,Individual,Automatic,First Owner,16.2,1221.0,75.3,7
Ford Aspire,Ford,Aspire,2017,2.47,136489,Petrol,Dealer,Manual,First Owner,19.8,1297.0,90.0,5
Ford EcoSport,Ford,EcoSport,2018,3.24,105678,Diesel,Individual,Manual,First Owner,19.6,1418.0,90.4,5
Maruti Dzire,Maruti,Dzire,2018,2.55,117840,Diesel,Individual,Automatic,First Owner,16.8,800.0,63.9,5
Tata Tiago,Tata,Tiago,2023,5.82,58462,Petrol,Dealer,Manual,Third Owner,19.8,1575.0,105.0,7
Tata Nexon,Tata,Nexon,2012,2.02,125977,CNG,Individual,Manual,Third Owner,18.5,911.0,54.6,5
Maruti Baleno,Maruti,Baleno,2023,4.56,75420,Petrol,Individual,Manual,First Owner,20.4,1045.0,80.6,5
Hyundai Creta,Hyundai,Creta,2022,5.13,62997,Petrol,Individual,Manual,First Owner,17.8,1319.0,77.6,5
Tata Tiago,Tata,Tiago,2022,5.48,77422,Diesel,Dealer,Manual,First Owner,18.4,1174.0,73.5,7
Volkswagen Vento,Volkswagen,Vento,2017,3.31,80653,Diesel,Dealer,Automatic,First Owner,17.0,1370.0,92.2,5
Hyundai i20,Hyundai,i20,2018,3.61,78104,Petrol,Individual,Manual,First Owner,16.1,1250.0,96.3,5
Renault Kwid,Renault,Kwid,2016,1.9,124479,Diesel,Dealer,Manual,First Owner,19.9,1099.0,67.4,7
Honda WR-V,Honda,WR-V,2015,2.71,136507,CNG,Individual,Manual,Second Owner,14.8,1735.0,111.6,5
Volkswagen Polo,Volkswagen,Polo,2023,7.81,43315,Diesel,Individual,Automatic,First Owner,14.3,1448.0,95.9,5
Tata Altroz,Tata,Altroz,2018,2.48,112253,Diesel,Dealer,Manual,First Owner,15.7,1306.0,92.1,7
Honda Jazz,Honda,Jazz,2021,6.01,66279,Petrol,Dealer,Manual,First Owner,14.4,1442.0,103.8,5
Toyota Innova,Toyota,Innova,2013,3.57,130363,Petrol,Trustmark Dealer,Manual,Third Owner,18.7,953.0,64.2,7
Kia Seltos,Kia,Seltos,2022,8.91,102672,Diesel,Dealer,Automatic,First Owner,15.1,1961.0,,7
Honda WR-V,Honda,WR-V,2020,5.66,102264,Petrol,Individual,Automatic,First Owner,19.0,819.0,,5
Honda Amaze,Honda,Amaze,2024,8.04,76009,Diesel,Individual,Manual,First Owner,20.1,1240.0,97.5,5
Toyota Fortuner,Toyota,Fortuner,2013,3.28,171993,Petrol,Individual,Manual,Second Owner,18.7,1100.0,79.5,7
Ford Aspire,Ford,Aspire,2019,3.62,75514,Petrol,Individual,Manual,Second Owner,18.4,1086.0,76.0,5
Maruti Swift,Maruti,Swift,2018,3.04,75810,Petrol,Individual,Automatic,First Owner,19.3,1041.0,68.5,5
Honda Amaze,Honda,Amaze,2018,3.59,81613,Petrol,Individual,Automatic,First Owner,22.6,930.0,54.5,5
Honda WR-V,Honda,WR-V,2012,2.86,130900,Petrol,Individual,Automatic,Second Owner,,1616.0,101.7,5
Kia EV6,Kia,EV6,2018,4.89,45699,Diesel,Dealer,Manual,First Owner,23.9,800.0,59.9,5
Honda Amaze,Honda,Amaze,2015,3.02,112436,Diesel,Individual,Manual,First Owner,18.3,1544.0,,5
Tata Tiago,Tata,Tiago,2020,3.49,72519,Petrol,Individual,Manual,Third Owner,17.0,1427.0,98.3,5
Mahindra XUV500,Mahindra,XUV500,2015,3.15,134242,Petrol,Dealer,Automatic,First Owner,21.4,1067.0,62.1,5
Tata Harrier,Tata,Harrier,2017,2.37,111753,Diesel,Dealer,Manual,First Owner,16.7,1386.0,89.8,5
Maruti Dzire,Maruti,Dzire,2020,3.4,71284,Petrol,Individual,Manual,First Owner,19.2,1145.0,93.9,5
Hyundai Verna,Hyundai,Verna,2012,2.56,149479,Petrol,Dealer,Automatic,Second Owner,19.4,815.0,67.8,5
Maruti Baleno,Maruti,Baleno,2022,4.21,87411,Petrol,Dealer,Manual,Second Owner,22.4,818.0,64.9,5
Maruti Wagon R,Maruti,Wagon R,2021,4.48,61091,Diesel,Dealer,Automatic,First Owner,15.6,1429.0,96.7,5
Tata Nexon,Tata,Nexon,2012,2.45,125653,CNG,Individual,Manual,First Owner,17.1,1411.0,89.7,5
Volkswagen Vento,Volkswagen,Vento,2012,2.99,87542,Diesel,Individual,Manual,Second Owner,19.2,1285.0,71.6,5
Ford Endeavour,Ford,Endeavour,2023,6.45,41005,Electric,Dealer,Manual,Second Owner,21.2,,77.1,5
Maruti Baleno,Maruti,Baleno,2015,2.13,100665,CNG,Individual,Manual,First Owner,17.1,1133.0,57.7,7
Honda Jazz,Honda,Jazz,2023,7.33,66631,Petrol,Dealer,Automatic,First Owner,20.5,1086.0,72.1,5
Maruti Baleno,Maruti,Baleno,2018,2.53,76701,Petrol,Dealer,Manual,Second Owner,18.6,800.0,59.0,5
Mahindra Bolero,Mahindra,Bolero,2016,3.13,99204,Petrol,Dealer,Manual,First Owner,13.9,1221.0,78.6,5
Maruti Swift,Maruti,Swift,2015,1.86,90042,Petrol,Trustmark Dealer,Manual,First Owner,15.8,1383.0,108.4,5
Toyota Etios,Toyota,Etios,2020,6.73,88264,Diesel,Dealer,Manual,First Owner,19.9,1224.0,96.9,7
Hyundai i20,Hyundai,i20,2013,2.78,139365,Petrol,Trustmark Dealer,Automatic,Second Owner,14.9,1819.0,123.3,5
Toyota Fortuner,Toyota,Fortuner,2017,4.47,112852,Petrol,Dealer,Automatic,First Owner,19.2,848.0,54.2,7
Tata Harrier,Tata,Harrier,2016,2.62,110771,Petrol,Individual,Manual,First Owner,19.7,969.0,83.7,5
Volkswagen Polo,Volkswagen,Polo,2014,2.63,89596,Diesel,Dealer,Manual,First Owner,18.1,1247.0,88.5,5
Hyundai Creta,Hyundai,Creta,2016,2.75,96861,Diesel,Dealer,Manual,First Owner,19.1,1285.0,78.1,5
Kia Sonet,Kia,Sonet,2018,5.24,88539,Electric,Trustmark Dealer,Manual,First Owner,17.3,,59.3,5
Honda Amaze,Honda,Amaze,2020,5.29,75627,Petrol,Individual,Manual,First Owner,17.0,,100.3,5
Volkswagen Virtus,Volkswagen,Virtus,2013,2.27,131649,Petrol,Individual,Manual,First Owner,18.1,1287.0,81.0,5
Renault Kiger,Renault,Kiger,2023,4.69,96361,Electric,Dealer,Manual,Third Owner,17.8,800.0,60.1,5
Mahindra Scorpio,Mahindra,Scorpio,2023,8.67,82866,Diesel,Individual,Automatic,First Owner,15.8,1159.0,81.3,5
Hyundai Grand i10,Hyundai,Grand i10,2020,4.72,62774,Diesel,Dealer,Manual,Second Owner,19.2,917.0,56.6,5
Hyundai i20,Hyundai,i20,2024,7.69,73424,Petrol,Individual,Automatic,First Owner,19.2,1041.0,70.1,5
Hyundai Creta,Hyundai,Creta,2017,3.05,118086,Petrol,Individual,Automatic,First Owner,20.6,800.0,50.8,5
Hyundai Grand i10,Hyundai,Grand i10,2022,6.28,53766,CNG,Individual,Manual,First Owner,16.4,1346.0,96.0,5
Toyota Innova,Toyota,Innova,2021,8.17,96675,Diesel,Dealer,Manual,First Owner,13.7,1817.0,107.7,5
Mahindra Scorpio,Mahindra,Scorpio,2019,4.78,87471,Diesel,Individual,Automatic,First Owner,17.0,1293.0,88.4,7
Mahindra Thar,Mahindra,Thar,2014,2.43,92481,Petrol,Dealer,Manual,First Owner,21.2,800.0,47.9,5
Honda WR-V,Honda,WR-V,2019,3.67,101014,Petrol,Dealer,Manual,Third Owner,20.3,1300.0,77.4,5
Toyota Glanza,Toyota,Glanza,2023,9.9,69773,Petrol,Dealer,Manual,First Owner,14.3,1132.0,67.8,5
Renault Kiger,Renault,Kiger,2024,5.94,53491,Diesel,Individual,Automatic,Second Owner,21.7,815.0,57.5,7
Kia EV6,Kia,EV6,2017,3.78,103176,Petrol,Individual,Automatic,First Owner,17.4,1324.0,89.3,7
Hyundai Creta,Hyundai,Creta,2015,2.92,101180,Petrol,Dealer,Automatic,First Owner,17.7,1508.0,100.9,5
Honda Amaze,Honda,Amaze,2021,5.6,91422,Petrol,Individual,Manual,First Owner,22.0,966.0,54.0,5
Renault Duster,Renault,Duster,2012,1.95,135544,CNG,Individual,Manual,First Owner,19.0,800.0,57.7,5
Hyundai i20,Hyundai,i20,2013,2.4,133661,Petrol,Trustmark Dealer,Automatic,First Owner,22.4,800.0,53.0,5
Tata Nexon,Tata,Nexon,2019,3.98,98857,Petrol,Individual,Automatic,First Owner,17.1,967.0,72.5,5
Mahindra Thar,Mahindra,Thar,2024,7.79,33099,Diesel,Individual,Manual,First Owner,18.9,1146.0,75.9,5
Mahindra Bolero,Mahindra,Bolero,2016,3.81,90825,Diesel,Trustmark Dealer,Automatic,Second Owner,18.9,1019.0,,5
Kia Carens,Kia,Carens,2017,4.51,55381,Diesel,Individual,Automatic,First Owner,19.8,961.0,61.9,5
Volkswagen Polo,Volkswagen,Polo,2016,2.58,122924,CNG,Individual,Manual,Third Owner,15.2,1399.0,105.7,5
Hyundai Verna,Hyundai,Verna,2017,3.2,77331,Petrol,Individual,Manual,First Owner,18.3,1362.0,79.6,5
Hyundai Creta,Hyundai,Creta,2012,2.17,139416,CNG,Dealer,Manual,First Owner,21.1,1270.0,81.7,5
Honda City,Honda,City,2019,4.1,99161,CNG,Dealer,Automatic,First Owner,14.8,1486.0,,5
Honda Amaze,Honda,Amaze,2019,3.83,104251,Petrol,Dealer,Manual,First Owner,,970.0,66.3,5
Honda Jazz,Honda,Jazz,2016,2.89,84011,Diesel,Trustmark Dealer,Manual,Second Owner,22.2,817.0,,5
Toyota Glanza,Toyota,Glanza,2015,4.9,115566,Petrol,Individual,Manual,Second Owner,18.8,1017.0,56.4,5
Tata Altroz,Tata,Altroz,2021,4.13,114746,Petrol,Dealer,Automatic,First Owner,22.2,993.0,64.1,7
Volkswagen Vento,Volkswagen,Vento,2014,2.25,161214,Petrol,Individual,Automatic,First Owner,19.7,800.0,51.3,5
Hyundai Verna,Hyundai,Verna,2012,2.4,158221,Petrol,Trustmark Dealer,Automatic,Second Owner,19.2,1009.0,83.9,7
Hyundai Creta,Hyundai,Creta,2012,2.92,143924,Electric,Trustmark Dealer,Manual,First Owner,14.2,1587.0,120.4,5
Maruti Swift,Maruti,Swift,2023,5.04,42887,Petrol,Individual,Manual,First Owner,17.0,1480.0,96.0,5
Maruti Swift,Maruti,Swift,2016,1.85,126309,Diesel,Dealer,Manual,First Owner,17.3,1384.0,79.9,7
Renault Duster,Renault,Duster,2013,2.04,126523,Petrol,Dealer,Manual,First Owner,19.3,1246.0,89.4,5
Tata Altroz,Tata,Altroz,2023,6.22,77331,Petrol,Individual,Manual,First Owner,14.2,1707.0,101.0,5
Hyundai i20,Hyundai,i20,2013,2.74,116077,Petrol,Dealer,Automatic,First Owner,19.0,829.0,56.2,7
Volkswagen Virtus,Volkswagen,Virtus,2016,2.59,106695,Petrol,Trustmark Dealer,Manual,Second Owner,,862.0,57.4,5
Honda Amaze,Honda,Amaze,2012,3.17,140111,Diesel,Individual,Manual,First Owner,18.9,1594.0,98.7,5
Maruti Wagon R,Maruti,Wagon R,2020,3.54,89918,Electric,Individual,Manual,Second Owner,19.5,1210.0,78.7,7
Hyundai i20,Hyundai,i20,2021,4.96,88861,Petrol,Trustmark Dealer,Automatic,Second Owner,23.3,965.0,57.6,5
Maruti Baleno,Maruti,Baleno,2021,4.24,65257,Electric,Individual,Manual,First Owner,18.4,1393.0,86.0,5
Toyota Fortuner,Toyota,Fortuner,2015,4.35,87447,Diesel,Individual,Manual,First Owner,20.2,1047.0,80.7,5
Hyundai Verna,Hyundai,Verna,2016,2.13,146245,Diesel,Dealer,Manual,First Owner,21.3,907.0,64.6,5
Maruti Dzire,Maruti,Dzire,2024,4.65,113263,Petrol,Dealer,Manual,Second Owner,23.0,897.0,65.3,5
Maruti Baleno,Maruti,Baleno,2022,4.14,81343,Petrol,Individual,Manual,First Owner,,1313.0,69.4,5
Toyota Fortuner,Toyota,Fortuner,2012,4.16,107372,CNG,Individual,Manual,Third Owner,15.8,1272.0,92.5,7
Maruti Dzire,Maruti,Dzire,2020,4.07,67489,Diesel,Dealer,Automatic,First Owner,17.0,1731.0,104.7,5
Renault Duster,Renault,Duster,2022,4.55,82700,Petrol,Individual,Manual,First Owner,19.4,1098.0,84.4,5
Maruti Baleno,Maruti,Baleno,2019,2.56,120504,Diesel,Dealer,Manual,First Owner,18.5,1092.0,76.3,5
Toyota Innova,Toyota,Innova,2020,7.78,57816,Petrol,Dealer,Manual,First Owner,12.0,1704.0,104.2,5
Tata Harrier,Tata,Harrier,2012,2.37,133764,Diesel,Individual,Manual,Second Owner,13.3,1545.0,86.6,5
Tata Nexon,Tata,Nexon,2012,1.89,140810,Petrol,Dealer,Manual,First Owner,17.3,1251.0,101.2,7
Maruti Swift,Maruti,Swift,2012,1.96,155520,CNG,Dealer,Manual,First Owner,17.6,800.0,65.4,7
Volkswagen Vento,Volkswagen,Vento,2014,2.5,115940,Petrol,Trustmark Dealer,Automatic,First Owner,19.2,916.0,72.3,5
Kia Sonet,Kia,Sonet,2024,9.78,24096,Petrol,Individual,Automatic,First Owner,21.8,831.0,75.3,7
Maruti Swift,Maruti,Swift,2020,3.45,98166,Diesel,Individual,Manual,First Owner,17.1,1213.0,83.5,5
Maruti Wagon R,Maruti,Wagon R,2022,4.19,96245,Petrol,Dealer,Manual,First Owner,19.5,1022.0,82.0,5
Kia EV6,Kia,EV6,2015,4.18,115182,CNG,Trustmark Dealer,Automatic,First Owner,13.1,1761.0,108.0,7
Honda City,Honda,City,2024,8.47,67415,Diesel,Trustmark Dealer,Automatic,Second Owner,21.2,800.0,64.9,5
Maruti Baleno,Maruti,Baleno,2014,1.79,113061,Petrol,Individual,Manual,First Owner,,800.0,54.0,7
Hyundai Verna,Hyundai,Verna,2023,6.41,46392,Petrol,Individual,Manual,First Owner,15.0,1286.0,81.7,5
Toyota Fortuner,Toyota,Fortuner,2012,3.76,159081,CNG,Individual,Manual,Second Owner,15.8,1383.0,91.8,5
Ford Endeavour,Ford,Endeavour,2012,2.58,145024,Diesel,Dealer,Automatic,First Owner,18.0,800.0,48.9,5
Toyota Fortuner,Toyota,Fortuner,2013,3.91,140788,CNG,Dealer,Manual,Second Owner,21.6,800.0,61.6,5
Mahindra Bolero,Mahindra,Bolero,2022,5.66,104546,Petrol,Dealer,Manual,First Owner,19.2,1108.0,73.4,5
Honda WR-V,Honda,WR-V,2015,2.74,93793,CNG,Individual,Manual,First Owner,15.6,1675.0,91.2,5
Hyundai Grand i10,Hyundai,Grand i10,2017,2.43,91855,Petrol,Trustmark Dealer,Manual,Second Owner,14.4,1861.0,113.7,5
Tata Altroz,Tata,Altroz,2018,3.48,100974,Diesel,Individual,Automatic,First Owner,19.8,1055.0,70.3,5
Hyundai i20,Hyundai,i20,2022,5.83,59085,Petrol,Individual,Manual,First Owner,19.4,1140.0,84.5,5
Hyundai i20,Hyundai,i20,2016,2.21,127729,Petrol,Individual,Automatic,First Owner,19.0,907.0,67.2,5
Maruti Dzire,Maruti,Dzire,2012,2.54,132377,Electric,Individual,Automatic,First Owner,15.8,1422.0,,5
Hyundai Grand i10,Hyundai,Grand i10,2017,3.33,82164,Electric,Dealer,Manual,Third Owner,15.2,1735.0,114.6,7
Ford Figo,Ford,Figo,2015,2.45,118446,Petrol,Dealer,Automatic,First Owner,15.5,1640.0,100.8,5
Maruti Dzire,Maruti,Dzire,2021,3.75,81747,CNG,Individual,Automatic,First Owner,22.5,1190.0,80.0,5
Tata Nexon,Tata,Nexon,2021,3.92,98563,Petrol,Individual,Manual,Second Owner,19.2,907.0,62.1,5
Toyota Fortuner,Toyota,Fortuner,2013,3.68,138649,Petrol,Individual,Manual,Third Owner,18.9,1203.0,85.1,5
Toyota Innova,Toyota,Innova,2022,9.38,81645,Petrol,Dealer,Automatic,First Owner,16.6,1683.0,108.0,5
Volkswagen Taigun,Volkswagen,Taigun,2012,2.72,143546,Petrol,Individual,Manual,Second Owner,21.9,1060.0,68.3,5
Renault Triber,Renault,Triber,2020,3.64,80359,Petrol,Individual,Manual,First Owner,18.9,800.0,59.1,5
Ford Aspire,Ford,Aspire,2017,3.04,88243,Petrol,Individual,Manual,Second Owner,21.7,1074.0,77.8,5
Maruti Dzire,Maruti,Dzire,2015,1.89,123354,Petrol,Dealer,Manual,First Owner,18.6,1102.0,67.6,7
Tata Harrier,Tata,Harrier,2018,3.13,90171,Diesel,Individual,Manual,First Owner,25.6,800.0,61.5,5
Toyota Etios,Toyota,Etios,2016,3.78,147676,Diesel,Individual,Manual,First Owner,18.6,,72.8,5
Hyundai Verna,Hyundai,Verna,2022,5.59,101028,Diesel,Individual,Manual,Second Owner,14.9,1377.0,99.6,5
Maruti Baleno,Maruti,Baleno,2024,5.11,72422,Petrol,Individual,Manual,First Owner,14.3,1851.0,121.0,5
Hyundai Verna,Hyundai,Verna,2022,6.61,79826,Diesel,Individual,Automatic,First Owner,23.2,800.0,72.0,7
Tata Nexon,Tata,Nexon,2017,2.39,102064,Petrol,Individual,Manual,Second Owner,17.1,1456.0,86.1,5
Tata Nexon,Tata,Nexon,2018,3.64,69755,Diesel,Dealer,Automatic,First Owner,16.3,1538.0,108.7,5
Maruti Dzire,Maruti,Dzire,2017,2.48,99244,Diesel,Individual,Automatic,Second Owner,18.8,1382.0,98.5,5
Renault Duster,Renault,Duster,2022,4.33,73730,Petrol,Individual,Manual,First Owner,19.6,848.0,60.2,5
Kia EV6,Kia,EV6,2019,4.96,96048,Petrol,Trustmark Dealer,Manual,First Owner,20.0,827.0,57.5,5
Hyundai i20,Hyundai,i20,2018,3.18,107829,Diesel,Individual,Manual,First Owner,16.3,1234.0,74.2,5
Kia Sonet,Kia,Sonet,2017,4.3,124269,CNG,Individual,Automatic,First Owner,21.6,1232.0,72.0,5
Maruti Baleno,Maruti,Baleno,2016,1.99,95272,Diesel,Individual,Manual,First Owner,17.0,1004.0,64.2,5
Kia EV6,Kia,EV6,2019,6.45,75972,Electric,Individual,Manual,First Owner,16.2,1652.0,95.8,5
Mahindra Scorpio,Mahindra,Scorpio,2020,4.65,116418,CNG,Individual,Manual,First Owner,20.1,1060.0,86.1,5
Maruti Wagon R,Maruti,Wagon R,2017,2.09,120961,Petrol,Dealer,Manual,First Owner,20.5,800.0,47.0,7
Volkswagen Polo,Volkswagen,Polo,2022,5.47,62903,Diesel,Individual,Automatic,First Owner,16.3,1122.0,77.9,5
Mahindra XUV500,Mahindra,XUV500,2022,7.16,69141,Petrol,Dealer,Automatic,Second Owner,15.4,1368.0,93.7,5
Kia Sonet,Kia,Sonet,2017,3.41,101740,Petrol,Trustmark Dealer,Manual,First Owner,18.7,,90.5,5
Mahindra XUV500,Mahindra,XUV500,2023,7.21,65694,Petrol,Individual,Manual,First Owner,16.1,1317.0,91.0,7
Honda Jazz,Honda,Jazz,2014,3.06,133899,Electric,Dealer,Manual,Second Owner,11.3,1723.0,117.3,5
Maruti Swift,Maruti,Swift,2024,4.21,114269,Diesel,Individual,Manual,First Owner,,810.0,56.0,5
Renault Kwid,Renault,Kwid,2015,2.09,121174,Petrol,Individual,Manual,First Owner,17.4,1052.0,73.6,5
Toyota Innova,Toyota,Innova,2019,6.33,105577,Petrol,Dealer,Manual,Third Owner,16.6,1741.0,108.4,5
Toyota Innova,Toyota,Innova,2015,4.68,79897,Petrol,Individual,Automatic,First Owner,20.2,800.0,69.4,5
Tata Harrier,Tata,Harrier,2017,2.56,93332,Diesel,Trustmark Dealer,Manual,Third Owner,17.9,1181.0,96.8,5
Honda Amaze,Honda,Amaze,2016,2.93,137533,CNG,Dealer,Automatic,First Owner,,1630.0,95.1,5
Maruti Dzire,Maruti,Dzire,2021,4.05,86850,Petrol,Individual,Manual,First Owner,,1625.0,88.1,5
Ford EcoSport,Ford,EcoSport,2013,2.69,33439,Petrol,Individual,Manual,First Owner,15.4,1431.0,98.3,5
Maruti Wagon R,Maruti,Wagon R,2022,4.72,86328,Diesel,Dealer,Manual,First Owner,16.5,1440.0,102.8,5
Ford Endeavour,Ford,Endeavour,2023,5.37,107199,Petrol,Individual,Manual,Third Owner,18.1,836.0,76.6,5
Renault Kwid,Renault,Kwid,2019,3.78,47090,Petrol,Individual,Manual,First Owner,17.1,1681.0,113.4,5
Tata Harrier,Tata,Harrier,2019,3.39,124426,Petrol,Individual,Automatic,Third Owner,19.9,,70.2,7
Honda City,Honda,City,2021,6.01,17016,Petrol,Individual,Automatic,First Owner,17.7,801.0,72.3,5
Hyundai Grand i10,Hyundai,Grand i10,2014,2.46,144135,Petrol,Trustmark Dealer,Automatic,Second Owner,16.5,1336.0,100.2,5
Mahindra Scorpio,Mahindra,Scorpio,2021,5.58,77809,CNG,Individual,Manual,Third Owner,19.5,1027.0,78.5,5
Ford Aspire,Ford,Aspire,2014,2.38,71800,Petrol,Individual,Manual,First Owner,17.0,,74.7,7
Tata Harrier,Tata,Harrier,2020,4.24,94315,Petrol,Dealer,Manual,Third Owner,18.3,1351.0,89.2,5
Maruti Baleno,Maruti,Baleno,2015,2.01,142318,Diesel,Dealer,Automatic,Second Owner,16.0,1822.0,117.6,5
Hyundai i20,Hyundai,i20,2021,5.14,86005,CNG,Dealer,Automatic,First Owner,22.3,1352.0,88.6,5
Tata Nexon,Tata,Nexon,2022,4.95,84366,Petrol,Trustmark Dealer,Manual,First Owner,21.8,984.0,68.8,5
Mahindra Bolero,Mahindra,Bolero,2014,3.52,114443,Petrol,Individual,Automatic,First Owner,,1437.0,106.6,5
Ford Figo,Ford,Figo,2020,4.8,43549,Diesel,Individual,Manual,First Owner,19.2,909.0,58.9,7
Hyundai Verna,Hyundai,Verna,2018,3.53,112721,Petrol,Dealer,Manual,First Owner,16.0,1520.0,105.0,7
Renault Duster,Renault,Duster,2015,2.01,155494,Diesel,Individual,Manual,First Owner,19.4,1223.0,84.8,5
Tata Nexon,Tata,Nexon,2019,3.2,115850,Petrol,Dealer,Manual,First Owner,15.7,1340.0,81.8,5
Renault Kwid,Renault,Kwid,2024,7.33,14766,Petrol,Individual,Automatic,First Owner,19.5,800.0,50.4,7
Hyundai Creta,Hyundai,Creta,2012,3.14,103172,Petrol,Trustmark Dealer,Automatic,First Owner,18.1,800.0,45.4,7
Toyota Innova,Toyota,Innova,2024,12.41,39888,Diesel,Dealer,Manual,First Owner,19.4,800.0,62.9,5
Kia Carens,Kia,Carens,2023,10.02,29954,Petrol,Individual,Manual,Second Owner,13.8,1811.0,114.1,5
Hyundai Creta,Hyundai,Creta,2018,3.41,98472,Petrol,Individual,Manual,Third Owner,19.9,800.0,52.4,7
Ford EcoSport,Ford,EcoSport,2019,3.2,99655,Petrol,Trustmark Dealer,Manual,Second Owner,14.5,1456.0,80.1,5
Mahindra Scorpio,Mahindra,Scorpio,2016,3.15,79034,Diesel,Dealer,Manual,First Owner,21.5,975.0,72.1,5
Maruti Baleno,Maruti,Baleno,2013,2.01,147096,Petrol,Dealer,Manual,First Owner,19.7,1116.0,,5
Maruti Swift,Maruti,Swift,2019,3.1,104224,Diesel,Dealer,Manual,Third Owner,15.5,1184.0,74.4,5
Ford EcoSport,Ford,EcoSport,2022,5.67,59440,Diesel,Individual,Manual,First Owner,15.2,1775.0,104.9,5
Hyundai Grand i10,Hyundai,Grand i10,2015,2.88,113204,Petrol,Individual,Manual,First Owner,14.1,1405.0,90.4,5
Maruti Baleno,Maruti,Baleno,2021,5.25,35104,Electric,Individual,Automatic,First Owner,20.3,1335.0,92.2,7
Tata Harrier,Tata,Harrier,2021,4.76,70690,CNG,Dealer,Manual,First Owner,19.0,1654.0,103.3,5
Volkswagen Virtus,Volkswagen,Virtus,2021,5.04,78162,Petrol,Dealer,Manual,Second Owner,19.5,978.0,59.3,7
Hyundai i20,Hyundai,i20,2016,2.7,114212,Petrol,Individual,Manual,First Owner,14.6,1574.0,101.1,7
Hyundai Verna,Hyundai,Verna,2017,2.88,112335,Petrol,Trustmark Dealer,Manual,Second Owner,15.3,1515.0,106.7,5
Renault Kiger,Renault,Kiger,2017,2.46,109373,Petrol,Individual,Manual,First Owner,15.7,1511.0,98.4,5
Honda City,Honda,City,2023,7.36,59184,Petrol,Dealer,Manual,First Owner,18.4,1146.0,78.6,7
Renault Duster,Renault,Duster,2023,5.22,71296,CNG,Individual,Automatic,First Owner,21.9,1047.0,70.0,5
Tata Nexon,Tata,Nexon,2017,2.55,126044,CNG,Individual,Automatic,First Owner,21.9,896.0,57.2,5
Mahindra Bolero,Mahindra,Bolero,2024,8.28,56399,Petrol,Individual,Manual,Second Owner,21.8,917.0,58.1,7
Toyota Fortuner,Toyota,Fortuner,2019,5.93,97987,Petrol,Dealer,Manual,First Owner,20.5,879.0,50.1,5
Maruti Swift,Maruti,Swift,2017,2.06,99904,Petrol,Dealer,Automatic,First Owner,15.3,1328.0,97.5,7
Kia EV6,Kia,EV6,2012,3.2,122271,Petrol,Individual,Manual,First Owner,17.2,1120.0,80.3,5
Honda City,Honda,City,2019,3.75,102503,Petrol,Individual,Manual,Second Owner,17.6,1351.0,90.0,5
Maruti Wagon R,Maruti,Wagon R,2020,3.27,72285,CNG,Dealer,Manual,Third Owner,15.0,1371.0,92.8,5
Maruti Swift,Maruti,Swift,2024,4.65,66995,CNG,Individual,Manual,First Owner,21.0,829.0,63.3,5
Ford Endeavour,Ford,Endeavour,2021,4.94,78621,Petrol,Dealer,Manual,First Owner,22.1,819.0,54.2,5
Maruti Wagon R,Maruti,Wagon R,2012,1.9,129813,Diesel,Individual,Manual,Second Owner,19.9,1120.0,74.0,7
Hyundai i20,Hyundai,i20,2019,4.41,83780,Diesel,Dealer,Manual,First Owner,20.8,929.0,62.3,5
Maruti Baleno,Maruti,Baleno,2021,3.64,66821,Diesel,Dealer,Manual,First Owner,16.3,892.0,84.2,5
Tata Tiago,Tata,Tiago,2018,3.05,61292,Petrol,Individual,Manual,First Owner,17.7,1793.0,121.8,5
Tata Harrier,Tata,Harrier,2017,2.56,112423,Petrol,Dealer,Automatic,First Owner,17.4,800.0,60.3,5
Honda WR-V,Honda,WR-V,2022,6.84,76594,Diesel,Individual,Manual,First Owner,14.1,1908.0,130.9,5
Hyundai Creta,Hyundai,Creta,2019,4.11,109692,Petrol,Trustmark Dealer,Manual,First Owner,19.0,1301.0,96.5,5
Maruti Swift,Maruti,Swift,2020,3.4,72807,Diesel,Dealer,Manual,First Owner,17.1,1545.0,88.9,5
Toyota Fortuner,Toyota,Fortuner,2018,5.41,139198,Petrol,Individual,Manual,First Owner,14.1,1504.0,,7
Tata Altroz,Tata,Altroz,2015,2.06,108645,Diesel,Dealer,Manual,First Owner,14.9,1416.0,92.7,5
Toyota Glanza,Toyota,Glanza,2018,6.35,78247,Diesel,Individual,Manual,First Owner,15.7,1782.0,117.9,5
Maruti Baleno,Maruti,Baleno,2024,4.61,36638,Petrol,Dealer,Manual,Second Owner,21.5,821.0,58.4,5
Maruti Wagon R,Maruti,Wagon R,2019,3.15,52853,Petrol,Trustmark Dealer,Manual,Second Owner,16.4,1145.0,77.2,5
Hyundai Verna,Hyundai,Verna,2021,5.83,111717,Diesel,Dealer,Automatic,First Owner,20.8,902.0,60.9,7
Tata Altroz,Tata,Altroz,2013,2.39,160163,Petrol,Individual,Automatic,First Owner,17.5,800.0,67.4,5
Tata Altroz,Tata,Altroz,2024,5.2,71716,Diesel,Dealer,Manual,First Owner,20.9,969.0,56.7,5
Renault Kiger,Renault,Kiger,2015,2.21,97286,Diesel,Individual,Manual,First Owner,12.9,1855.0,113.6,5
Tata Nexon,Tata,Nexon,2024,6.38,98347,Petrol,Individual,Automatic,First Owner,18.8,1139.0,62.9,5
Honda Amaze,Honda,Amaze,2017,3.33,96262,Diesel,Trustmark Dealer,Manual,First Owner,14.3,1894.0,110.9,5
Toyota Etios,Toyota,Etios,2023,11.79,59081,Petrol,Individual,Automatic,Second Owner,16.6,1930.0,123.7,7
Maruti Swift,Maruti,Swift,2023,4.0,96619,Diesel,Individual,Manual,Second Owner,13.0,2248.0,141.3,7
Honda Jazz,Honda,Jazz,2021,5.82,92496,Petrol,Individual,Manual,Second Owner,13.4,1867.0,115.2,5
Hyundai Grand i10,Hyundai,Grand i10,2023,7.28,113424,Petrol,Trustmark Dealer,Automatic,First Owner,14.5,2025.0,135.4,5
Tata Altroz,Tata,Altroz,2019,3.41,96471,Petrol,Trustmark Dealer,Manual,Second Owner,22.0,1314.0,98.1,5
Maruti Wagon R,Maruti,Wagon R,2023,4.79,56265,CNG,Individual,Manual,Second Owner,19.4,1280.0,84.8,5
Volkswagen Vento,Volkswagen,Vento,2014,2.68,110040,CNG,Individual,Manual,Second Owner,17.6,1303.0,88.7,5
Mahindra XUV500,Mahindra,XUV500,2012,3.45,95866,Diesel,Dealer,Manual,Second Owner,16.7,1200.0,77.4,5
Maruti Swift,Maruti,Swift,2019,3.28,84870,Petrol,Individual,Automatic,Second Owner,16.8,1252.0,88.9,5
Toyota Etios,Toyota,Etios,2022,9.45,96681,Petrol,Trustmark Dealer,Automatic,Second Owner,18.2,1463.0,85.9,5
Volkswagen Vento,Volkswagen,Vento,2021,5.3,91174,Diesel,Trustmark Dealer,Manual,First Owner,17.5,1037.0,86.4,5
Hyundai i20,Hyundai,i20,2018,3.39,97946,Diesel,Dealer,Manual,First Owner,20.6,800.0,68.1,5
Volkswagen Virtus,Volkswagen,Virtus,2018,3.39,75611,Petrol,Individual,Manual,First Owner,20.5,1327.0,78.4,5
Toyota Innova,Toyota,Innova,2019,5.22,95991,CNG,Dealer,Manual,First Owner,20.0,958.0,61.4,5
Kia Carens,Kia,Carens,2023,8.48,87281,Petrol,Trustmark Dealer,Manual,First Owner,17.3,994.0,73.0,5
Mahindra Thar,Mahindra,Thar,2022,6.72,80975,Petrol,Individual,Manual,First Owner,23.0,1150.0,75.5,5
Maruti Dzire,Maruti,Dzire,2013,2.19,133668,CNG,Dealer,Automatic,First Owner,22.6,1070.0,78.2,5
Tata Harrier,Tata,Harrier,2019,3.77,73466,Petrol,Individual,Manual,First Owner,17.2,1589.0,99.5,5
Honda Jazz,Honda,Jazz,2016,2.64,129577,Petrol,Trustmark Dealer,Manual,Third Owner,21.2,1142.0,90.0,5
Maruti Wagon R,Maruti,Wagon R,2022,5.0,5000,Diesel,Dealer,Manual,First Owner,15.5,1606.0,103.4,5
Hyundai Grand i10,Hyundai,Grand i10,2018,4.14,105922,Electric,Individual,Manual,First Owner,19.4,1272.0,104.3,5
Mahindra Thar,Mahindra,Thar,2024,7.46,115047,Petrol,Individual,Manual,First Owner,17.7,1169.0,84.1,5
Maruti Baleno,Maruti,Baleno,2017,2.52,70815,Diesel,Individual,Manual,First Owner,15.3,1255.0,73.2,5
Tata Altroz,Tata,Altroz,2020,3.66,79189,Petrol,Individual,Manual,Second Owner,25.7,800.0,75.7,5
Renault Kwid,Renault,Kwid,2013,2.12,129825,Petrol,Trustmark Dealer,Automatic,First Owner,,1318.0,96.3,5
Hyundai Grand i10,Hyundai,Grand i10,2024,6.82,48323,Petrol,Individual,Manual,First Owner,17.3,1497.0,100.4,5
Tata Tiago,Tata,Tiago,2013,1.96,152800,Petrol,Trustmark Dealer,Manual,First Owner,17.0,1547.0,105.3,5
Mahindra XUV500,Mahindra,XUV500,2016,2.71,120893,Petrol,Individual,Automatic,First Owner,21.6,800.0,49.5,7
Tata Harrier,Tata,Harrier,2022,4.88,74850,Petrol,Dealer,Manual,Second Owner,20.4,800.0,45.0,5
Maruti Swift,Maruti,Swift,2024,5.85,76039,Diesel,Trustmark Dealer,Automatic,Third Owner,19.2,1012.0,70.3,5
Maruti Dzire,Maruti,Dzire,2018,2.71,97868,Diesel,Dealer,Manual,Second Owner,15.9,1685.0,118.7,7
Mahindra Bolero,Mahindra,Bolero,2018,3.54,167457,Diesel,Dealer,Manual,First Owner,18.9,1277.0,88.4,7
Hyundai Verna,Hyundai,Verna,2012,2.25,139829,Diesel,Trustmark Dealer,Manual,Second Owner,19.8,929.0,79.8,5
Honda Amaze,Honda,Amaze,2024,6.82,62796,Petrol,Dealer,Manual,Second Owner,20.4,800.0,69.6,5
Maruti Baleno,Maruti,Baleno,2012,2.08,98869,Petrol,Dealer,Automatic,Second Owner,17.0,961.0,68.0,5
Tata Nexon,Tata,Nexon,2012,2.19,124544,Petrol,Individual,Manual,First Owner,23.8,937.0,76.0,5
Kia Seltos,Kia,Seltos,2018,4.51,122742,Diesel,Individual,Automatic,First Owner,17.6,1527.0,111.2,5
Honda Amaze,Honda,Amaze,2012,2.83,107119,Petrol,Individual,Automatic,First Owner,16.8,1554.0,99.8,5
Mahindra Scorpio,Mahindra,Scorpio,2014,3.18,76033,Petrol,Dealer,Automatic,First Owner,19.1,833.0,59.1,5
Hyundai Grand i10,Hyundai,Grand i10,2020,5.31,85210,Petrol,Dealer,Automatic,First Owner,14.9,1464.0,96.6,5
Honda Jazz,Honda,Jazz,2021,5.11,108156,Petrol,Dealer,Manual,First Owner,18.8,1428.0,74.2,5
Renault Kwid,Renault,Kwid,2015,2.51,117932,Electric,Trustmark Dealer,Manual,First Owner,20.2,800.0,61.2,5
Tata Tiago,Tata,Tiago,2022,5.66,64105,Diesel,Individual,Automatic,Second Owner,19.7,1171.0,85.2,5
Hyundai Verna,Hyundai,Verna,2019,4.11,50113,Petrol,Trustmark Dealer,Manual,First Owner,15.0,1319.0,88.7,5
Renault Kiger,Renault,Kiger,2014,2.2,133449,Diesel,Individual,Manual,Third Owner,21.1,1257.0,86.9,5
Tata Tiago,Tata,Tiago,2021,4.32,92548,Diesel,Individual,Manual,Second Owner,22.4,800.0,58.7,5
Honda Jazz,Honda,Jazz,2019,4.07,51801,Petrol,Dealer,Manual,Second Owner,17.9,1246.0,67.6,7
Mahindra Bolero,Mahindra,Bolero,2022,5.96,96459,Petrol,Individual,Automatic,Second Owner,18.0,1423.0,,5
Maruti Baleno,Maruti,Baleno,2014,1.87,140345,Diesel,Dealer,Manual,First Owner,16.7,,108.5,5
Hyundai Verna,Hyundai,Verna,2015,2.55,141910,Petrol,Dealer,Manual,First Owner,17.0,966.0,63.2,5
Maruti Swift,Maruti,Swift,2015,2.25,129837,Petrol,Dealer,Automatic,Second Owner,22.8,1009.0,81.4,5
Tata Tiago,Tata,Tiago,2016,2.06,124881,Petrol,Individual,Manual,First Owner,19.7,1127.0,84.8,5
Hyundai Creta,Hyundai,Creta,2023,6.07,76455,Diesel,Individual,Automatic,First Owner,16.4,1302.0,88.8,5
Ford Endeavour,Ford,Endeavour,2021,5.63,97106,Electric,Individual,Manual,First Owner,16.0,1234.0,89.0,5
Maruti Dzire,Maruti,Dzire,2019,3.24,50987,Diesel,Individual,Manual,First Owner,19.1,1412.0,83.4,5
Ford Aspire,Ford,Aspire,2019,3.32,57976,Petrol,Individual,Manual,First Owner,20.9,806.0,58.7,5
Hyundai Verna,Hyundai,Verna,2023,4.83,48807,Petrol,Individual,Manual,First Owner,18.5,1339.0,99.0,5
Hyundai Creta,Hyundai,Creta,2017,2.61,101143,Diesel,Dealer,Manual,First Owner,19.8,940.0,61.3,7
Hyundai Verna,Hyundai,Verna,2014,2.47,132039,Diesel,Trustmark Dealer,Manual,Second Owner,16.6,1150.0,70.3,7
Ford Endeavour,Ford,Endeavour,2013,2.14,137142,CNG,Dealer,Manual,First Owner,16.0,1798.0,114.5,5
Tata Tiago,Tata,Tiago,2016,2.34,135076,Diesel,Individual,Manual,First Owner,20.2,800.0,59.8,5
Tata Nexon,Tata,Nexon,2020,3.45,109766,Petrol,Individual,Manual,First Owner,,1102.0,80.8,5
Renault Kwid,Renault,Kwid,2018,2.81,78307,Diesel,Individual,Manual,First Owner,25.3,800.0,48.0,7
Honda City,Honda,City,2017,3.7,109248,CNG,Individual,Automatic,First Owner,19.8,1254.0,63.6,5
Hyundai Grand i10,Hyundai,Grand i10,2018,4.02,78847,Diesel,Individual,Automatic,First Owner,18.1,1567.0,108.6,5
Kia Carens,Kia,Carens,2024,9.73,54358,Diesel,Trustmark Dealer,Manual,Second Owner,23.4,1259.0,75.6,5
Hyundai Verna,Hyundai,Verna,2024,6.62,65579,Petrol,Dealer,Manual,First Owner,19.3,1159.0,73.9,5
Maruti Swift,Maruti,Swift,2014,2.37,48508,Diesel,Individual,Manual,Second Owner,16.0,1665.0,89.1,5
Honda City,Honda,City,2013,2.52,183047,Petrol,Dealer,Manual,First Owner,16.3,1316.0,95.6,5
Maruti Wagon R,Maruti,Wagon R,2015,1.91,129460,Petrol,Trustmark Dealer,Automatic,First Owner,15.8,1487.0,,5
Hyundai Verna,Hyundai,Verna,2023,7.13,51894,Diesel,Individual,Automatic,First Owner,12.9,1450.0,97.2,5
Volkswagen Vento,Volkswagen,Vento,2017,2.36,146402,CNG,Dealer,Manual,Second Owner,22.1,800.0,61.4,5
Maruti Swift,Maruti,Swift,2023,4.51,57356,CNG,Individual,Manual,First Owner,15.9,1173.0,63.0,7
Volkswagen Vento,Volkswagen,Vento,2020,5.39,87415,Petrol,Individual,Automatic,First Owner,22.2,823.0,52.4,5
Kia Carens,Kia,Carens,2019,5.53,80283,Petrol,Dealer,Manual,First Owner,19.9,910.0,61.4,5
Toyota Innova,Toyota,Innova,2015,3.91,153343,Petrol,Individual,Manual,First Owner,15.7,1716.0,103.4,5
Ford Figo,Ford,Figo,2016,2.76,108190,Diesel,Dealer,Manual,Second Owner,19.0,1069.0,71.6,5
Ford Endeavour,Ford,Endeavour,2013,2.54,133288,Diesel,Individual,Manual,Third Owner,17.4,1862.0,119.4,5
Mahindra Bolero,Mahindra,Bolero,2018,3.48,123983,Electric,Dealer,Manual,First Owner,23.0,800.0,67.1,5
Hyundai i20,Hyundai,i20,2015,2.73,129873,Petrol,Dealer,Manual,First Owner,20.4,821.0,48.3,7
Maruti Wagon R,Maruti,Wagon R,2015,2.0,115804,Diesel,Dealer,Manual,First Owner,15.1,1467.0,95.6,7
Honda City,Honda,City,2012,2.14,160928,Diesel,Dealer,Manual,Third Owner,20.8,1081.0,80.1,5
Honda Amaze,Honda,Amaze,2022,5.17,127346,Petrol,Dealer,Automatic,First Owner,15.8,1308.0,79.5,5
Maruti Wagon R,Maruti,Wagon R,2024,6.92,65483,Electric,Individual,Automatic,First Owner,15.4,1161.0,77.3,5
Toyota Innova,Toyota,Innova,2018,4.86,100068,Diesel,Individual,Manual,Third Owner,19.6,1150.0,82.0,7
Maruti Wagon R,Maruti,Wagon R,2018,2.69,101253,Petrol,Dealer,Manual,Third Owner,21.4,1094.0,75.3,5
Kia EV6,Kia,EV6,2024,9.94,87329,Petrol,Individual,Automatic,First Owner,17.2,1263.0,89.9,5
Hyundai Grand i10,Hyundai,Grand i10,2018,3.93,84317,CNG,Individual,Automatic,First Owner,17.9,1425.0,94.1,5
Maruti Baleno,Maruti,Baleno,2020,3.51,78377,Diesel,Trustmark Dealer,Manual,Second Owner,14.4,1765.0,109.6,5
Maruti Baleno,Maruti,Baleno,2017,2.34,70176,Diesel,Individual,Manual,Second Owner,20.2,1129.0,67.7,7
Hyundai Verna,Hyundai,Verna,2018,3.66,71454,Diesel,Individual,Manual,First Owner,21.3,1062.0,75.4,5
Hyundai Verna,Hyundai,Verna,2018,3.63,86108,Petrol,Trustmark Dealer,Automatic,First Owner,18.8,1017.0,71.7,5
Maruti Wagon R,Maruti,Wagon R,2021,3.66,76769,Diesel,Individual,Manual,First Owner,13.4,1714.0,101.3,5
Hyundai Creta,Hyundai,Creta,2019,3.74,129919,CNG,Dealer,Manual,First Owner,,1442.0,99.0,7
Maruti Swift,Maruti,Swift,2018,2.24,109291,Petrol,Individual,Automatic,First Owner,22.4,800.0,69.1,5
Tata Nexon,Tata,Nexon,2012,2.45,116434,Diesel,Individual,Manual,Second Owner,18.3,800.0,53.7,5
Tata Tiago,Tata,Tiago,2023,6.08,48984,Petrol,Dealer,Automatic,First Owner,20.7,,59.2,5
Hyundai Creta,Hyundai,Creta,2023,6.09,95244,Petrol,Individual,Manual,First Owner,19.4,1281.0,79.3,5
Hyundai Creta,Hyundai,Creta,2014,1.87,148285,Petrol,Dealer,Manual,Second Owner,17.4,1188.0,66.9,5
Maruti Wagon R,Maruti,Wagon R,2015,1.94,117619,CNG,Individual,Automatic,First Owner,17.0,1380.0,106.9,5
Maruti Swift,Maruti,Swift,2024,5.42,48764,Petrol,Individual,Automatic,First Owner,20.7,1139.0,74.1,7
Hyundai Creta,Hyundai,Creta,2016,2.89,135248,Petrol,Individual,Automatic,Third Owner,14.0,1689.0,101.0,5
Volkswagen Vento,Volkswagen,Vento,2022,6.19,49646,Diesel,Individual,Automatic,First Owner,15.0,1470.0,86.8,5
Mahindra Bolero,Mahindra,Bolero,2022,7.43,80124,Petrol,Individual,Manual,Second Owner,17.7,1227.0,79.4,5
Kia Carens,Kia,Carens,2023,8.15,114998,Diesel,Dealer,Manual,First Owner,18.7,1601.0,97.5,5
Honda City,Honda,City,2012,2.35,141017,CNG,Individual,Manual,First Owner,23.8,800.0,70.5,5
Honda City,Honda,City,2018,3.84,80436,Petrol,Individual,Automatic,First Owner,18.3,1170.0,69.4,5
Hyundai Verna,Hyundai,Verna,2019,3.46,100028,Petrol,Individual,Manual,First Owner,16.6,,71.3,5
Volkswagen Vento,Volkswagen,Vento,2022,6.57,61159,Electric,Individual,Automatic,First Owner,19.3,1411.0,97.0,7
Volkswagen Taigun,Volkswagen,Taigun,2014,3.08,92829,Petrol,Individual,Automatic,First Owner,17.2,800.0,58.1,5
Renault Triber,Renault,Triber,2015,2.28,132422,Petrol,Dealer,Automatic,First Owner,19.3,1109.0,74.2,7
Kia Seltos,Kia,Seltos,2014,4.39,148092,Electric,Dealer,Automatic,First Owner,17.5,1340.0,93.2,5
Tata Harrier,Tata,Harrier,2021,4.9,71160,CNG,Dealer,Manual,Second Owner,20.0,1367.0,91.3,5
Volkswagen Polo,Volkswagen,Polo,2024,7.64,50200,Diesel,Individual,Manual,First Owner,18.8,1615.0,103.5,5
Volkswagen Vento,Volkswagen,Vento,2013,2.72,108845,Diesel,Individual,Automatic,First Owner,15.0,1467.0,84.4,5
Hyundai Verna,Hyundai,Verna,2015,2.66,113701,CNG,Dealer,Manual,First Owner,18.8,1179.0,66.5,5
Kia Sonet,Kia,Sonet,2015,3.42,104627,Diesel,Individual,Manual,First Owner,15.9,1436.0,88.4,5
Maruti Baleno,Maruti,Baleno,2023,5.27,42757,Diesel,Dealer,Automatic,First Owner,18.1,1130.0,68.5,5
Mahindra Bolero,Mahindra,Bolero,2017,3.0,145627,Diesel,Trustmark Dealer,Manual,First Owner,19.3,,86.0,5
Volkswagen Vento,Volkswagen,Vento,2015,2.59,127262,Diesel,Individual,Manual,Second Owner,16.1,1478.0,81.9,7
Maruti Baleno,Maruti,Baleno,2016,1.61,123092,Petrol,Dealer,Manual,First Owner,18.8,1184.0,76.5,5
Toyota Glanza,Toyota,Glanza,2019,5.59,110434,Petrol,Individual,Manual,First Owner,19.5,1327.0,86.6,5
Maruti Wagon R,Maruti,Wagon R,2017,2.21,120962,Petrol,Individual,Automatic,Second Owner,19.5,1536.0,99.2,5
Volkswagen Virtus,Volkswagen,Virtus,2013,2.43,120911,Petrol,Individual,Manual,First Owner,17.5,1449.0,97.9,5
Volkswagen Vento,Volkswagen,Vento,2022,6.12,77496,Petrol,Dealer,Manual,First Owner,16.2,1632.0,102.1,5
Toyota Glanza,Toyota,Glanza,2017,5.1,98081,Petrol,Individual,Manual,First Owner,11.6,2015.0,120.5,5
Renault Duster,Renault,Duster,2015,2.17,126646,Diesel,Dealer,Automatic,Second Owner,,1446.0,104.5,5
Maruti Baleno,Maruti,Baleno,2021,4.04,85517,Petrol,Dealer,Automatic,First Owner,20.2,1039.0,69.6,5
Hyundai Creta,Hyundai,Creta,2021,5.79,69581,Petrol,Individual,Manual,First Owner,17.6,1379.0,102.2,5
Tata Harrier,Tata,Harrier,2014,2.29,94255,Petrol,Individual,Manual,First Owner,17.6,1364.0,87.4,5
Maruti Wagon R,Maruti,Wagon R,2012,1.78,139717,Petrol,Dealer,Manual,First Owner,17.9,1415.0,92.7,5
Tata Nexon,Tata,Nexon,2012,2.48,132006,Diesel,Individual,Manual,First Owner,,1723.0,108.7,5
Hyundai Verna,Hyundai,Verna,2021,5.11,36411,Petrol,Dealer,Manual,First Owner,22.3,800.0,60.8,5
Tata Tiago,Tata,Tiago,2020,4.25,95668,Petrol,Individual,Manual,Second Owner,18.6,1730.0,106.8,5
Tata Altroz,Tata,Altroz,2022,4.85,92737,Diesel,Trustmark Dealer,Manual,Third Owner,15.2,1848.0,117.4,5
Kia Carens,Kia,Carens,2020,5.4,140123,Petrol,Individual,Manual,First Owner,20.7,1399.0,104.2,5
Hyundai Verna,Hyundai,Verna,2017,2.99,95393,Petrol,Individual,Manual,First Owner,19.3,1407.0,100.8,5
Kia EV6,Kia,EV6,2019,5.7,79148,Diesel,Dealer,Manual,First Owner,18.7,1115.0,84.8,7
Tata Harrier,Tata,Harrier,2021,4.75,53592,Diesel,Individual,Manual,First Owner,15.0,1202.0,70.4,5
Hyundai Creta,Hyundai,Creta,2017,2.42,108590,Diesel,Individual,Manual,First Owner,17.1,,85.0,5
Honda City,Honda,City,2023,6.72,69450,Diesel,Individual,Manual,Second Owner,20.2,1422.0,95.0,5
Tata Tiago,Tata,Tiago,2023,6.04,47151,CNG,Dealer,Manual,First Owner,15.4,1452.0,101.0,5
Hyundai Creta,Hyundai,Creta,2022,5.82,67651,Petrol,Individual,Automatic,First Owner,17.3,1419.0,88.9,5
Honda WR-V,Honda,WR-V,2024,8.62,14969,Diesel,Individual,Manual,First Owner,16.9,1514.0,92.7,5
Maruti Swift,Maruti,Swift,2017,2.38,124380,Diesel,Individual,Automatic,Third Owner,18.7,1475.0,107.3,5
Hyundai Creta,Hyundai,Creta,2013,2.48,113045,Petrol,Individual,Manual,First Owner,19.6,841.0,66.7,7
Honda WR-V,Honda,WR-V,2018,3.94,96737,CNG,Trustmark Dealer,Manual,Second Owner,15.0,1491.0,105.5,5
Tata Nexon,Tata,Nexon,2021,4.57,46612,Petrol,Individual,Manual,Second Owner,15.9,1851.0,113.3,5
Renault Duster,Renault,Duster,2022,4.5,58688,CNG,Dealer,Manual,First Owner,16.9,1191.0,76.3,5
Hyundai Grand i10,Hyundai,Grand i10,2017,3.22,97848,Diesel,Individual,Automatic,First Owner,11.7,1725.0,117.5,5
Mahindra Scorpio,Mahindra,Scorpio,2015,3.11,116751,Petrol,Individual,Automatic,First Owner,23.8,879.0,61.2,5
Volkswagen Virtus,Volkswagen,Virtus,2017,2.83,114554,Petrol,Trustmark Dealer,Manual,First Owner,20.2,1190.0,,7
Mahindra XUV500,Mahindra,XUV500,2022,5.68,103159,CNG,Individual,Automatic,First Owner,23.3,976.0,61.4,5
Renault Kiger,Renault,Kiger,2012,2.21,152619,Diesel,Dealer,Manual,First Owner,17.4,,103.5,7
Maruti Wagon R,Maruti,Wagon R,2016,2.11,131667,Petrol,Individual,Automatic,Second Owner,16.5,1774.0,119.6,7
Honda City,Honda,City,2014,2.86,155314,Petrol,Dealer,Automatic,Second Owner,19.3,1165.0,67.0,5
Maruti Dzire,Maruti,Dzire,2022,5.24,84033,Diesel,Individual,Manual,First Owner,15.7,1610.0,108.6,7
Renault Duster,Renault,Duster,2018,2.87,96692,Petrol,Individual,Automatic,First Owner,16.1,1778.0,107.1,5
Toyota Fortuner,Toyota,Fortuner,2013,4.02,152200,Diesel,Individual,Automatic,First Owner,17.3,1188.0,78.7,5
Hyundai Verna,Hyundai,Verna,2015,2.85,140606,Diesel,Individual,Automatic,First Owner,15.9,1245.0,82.3,5
Kia Sonet,Kia,Sonet,2012,3.41,150768,Petrol,Trustmark Dealer,Manual,Second Owner,16.2,1457.0,93.4,7
Maruti Baleno,Maruti,Baleno,2018,3.15,65498,Diesel,Dealer,Automatic,First Owner,22.6,905.0,62.5,5
Honda Jazz,Honda,Jazz,2024,7.09,39987,Petrol,Individual,Manual,Second Owner,15.7,1239.0,79.6,5
Ford Endeavour,Ford,Endeavour,2019,3.49,84953,CNG,Individual,Manual,First Owner,11.7,1950.0,117.7,5
Maruti Wagon R,Maruti,Wagon R,2023,4.35,82151,CNG,Dealer,Automatic,Second Owner,20.5,1025.0,81.9,7
Toyota Innova,Toyota,Innova,2021,7.31,77530,Petrol,Individual,Manual,First Owner,15.8,1499.0,97.6,5
Renault Kiger,Renault,Kiger,2023,5.16,90011,Petrol,Individual,Automatic,First Owner,18.3,,90.1,5
Maruti Wagon R,Maruti,Wagon R,2016,1.8,139435,Petrol,Dealer,Manual,Second Owner,20.6,1143.0,72.7,5
Honda Jazz,Honda,Jazz,2024,9.27,84881,Electric,Individual,Manual,First Owner,18.8,1278.0,82.0,5
Hyundai Grand i10,Hyundai,Grand i10,2015,2.36,143521,Petrol,Individual,Automatic,First Owner,13.7,1813.0,109.6,5
Ford Figo,Ford,Figo,2017,2.9,81186,Diesel,Individual,Manual,Second Owner,19.8,1394.0,97.8,5
Maruti Swift,Maruti,Swift,2020,3.07,95117,CNG,Individual,Manual,First Owner,18.4,1448.0,88.6,5
Kia Seltos,Kia,Seltos,2015,3.67,103634,Petrol,Dealer,Manual,First Owner,15.3,1760.0,93.8,5
Kia EV6,Kia,EV6,2015,3.7,80720,Diesel,Dealer,Manual,First Owner,18.9,1099.0,75.9,5
Maruti Dzire,Maruti,Dzire,2013,2.0,123675,Petrol,Trustmark Dealer,Manual,First Owner,21.1,,58.6,5
Hyundai i20,Hyundai,i20,2012,2.7,165644,Diesel,Individual,Manual,First Owner,14.3,1819.0,110.4,5
Toyota Etios,Toyota,Etios,2018,5.75,107636,Petrol,Dealer,Automatic,Second Owner,14.8,1248.0,90.9,5
Ford Endeavour,Ford,Endeavour,2024,8.32,102891,Electric,Trustmark Dealer,Automatic,First Owner,18.1,1513.0,76.3,7
Tata Nexon,Tata,Nexon,2014,2.54,127399,Petrol,Dealer,Automatic,First Owner,21.2,933.0,78.9,5
Maruti Dzire,Maruti,Dzire,2017,2.09,157851,Petrol,Trustmark Dealer,Manual,First Owner,13.0,,96.9,7
Maruti Baleno,Maruti,Baleno,2024,5.18,62405,Diesel,Trustmark Dealer,Manual,First Owner,21.5,816.0,54.9,5
Mahindra Bolero,Mahindra,Bolero,2022,7.06,71994,Diesel,Dealer,Manual,Second Owner,21.7,1222.0,78.6,5
Tata Harrier,Tata,Harrier,2012,2.42,108353,Diesel,Trustmark Dealer,Automatic,First Owner,17.3,973.0,72.6,5
Kia EV6,Kia,EV6,2018,4.17,121932,Diesel,Dealer,Manual,First Owner,19.9,893.0,68.4,5
Honda City,Honda,City,2013,3.43,118953,Petrol,Individual,Automatic,First Owner,18.6,1094.0,70.1,7
Kia Carens,Kia,Carens,2015,3.32,102764,Diesel,Trustmark Dealer,Manual,Second Owner,23.9,800.0,46.1,5
Maruti Wagon R,Maruti,Wagon R,2015,1.74,145187,Petrol,Dealer,Manual,First Owner,,800.0,75.9,7
Maruti Wagon R,Maruti,Wagon R,2019,2.62,116480,Petrol,Individual,Automatic,First Owner,15.1,1474.0,103.7,5
Kia Carens,Kia,Carens,2014,3.09,148405,CNG,Individual,Manual,Second Owner,,1322.0,89.0,7
Mahindra XUV500,Mahindra,XUV500,2015,3.02,109031,Diesel,Individual,Automatic,First Owner,25.0,824.0,61.7,5
Hyundai i20,Hyundai,i20,2014,2.65,122378,Petrol,Dealer,Automatic,First Owner,16.0,1392.0,96.5,5
Hyundai i20,Hyundai,i20,2016,2.61,109183,Petrol,Individual,Manual,Second Owner,20.0,,70.0,5
Tata Tiago,Tata,Tiago,2020,3.9,101715,CNG,Individual,Manual,Second Owner,18.0,1453.0,78.2,5
Tata Altroz,Tata,Altroz,2017,2.06,138178,Petrol,Individual,Manual,First Owner,17.3,1160.0,76.0,5
Maruti Dzire,Maruti,Dzire,2016,1.94,118599,Petrol,Individual,Automatic,Second Owner,22.5,1086.0,71.1,5
Kia Sonet,Kia,Sonet,2018,4.98,140947,Petrol,Trustmark Dealer,Automatic,First Owner,17.6,1168.0,77.9,5
Hyundai Creta,Hyundai,Creta,2019,4.41,110738,Petrol,Individual,Manual,Third Owner,10.6,2096.0,136.4,5
Ford EcoSport,Ford,EcoSport,2012,2.74,131334,Petrol,Individual,Automatic,First Owner,18.8,934.0,52.0,5
Maruti Baleno,Maruti,Baleno,2023,4.47,83231,Electric,Individual,Manual,First Owner,19.2,1279.0,74.6,5
Maruti Dzire,Maruti,Dzire,2023,4.81,102530,Petrol,Dealer,Manual,First Owner,15.2,1473.0,90.6,5
Toyota Glanza,Toyota,Glanza,2019,7.19,134962,Petrol,Dealer,Automatic,Second Owner,20.8,863.0,63.7,5
Hyundai Creta,Hyundai,Creta,2019,3.61,117111,Diesel,Individual,Automatic,Third Owner,21.7,800.0,65.7,5
Toyota Fortuner,Toyota,Fortuner,2021,9.24,78564,Diesel,Individual,Manual,First Owner,17.1,990.0,82.5,5
Maruti Wagon R,Maruti,Wagon R,2017,2.23,99232,Diesel,Trustmark Dealer,Manual,First Owner,15.7,1466.0,93.3,5
Mahindra Thar,Mahindra,Thar,2016,2.88,123173,Diesel,Dealer,Manual,First Owner,19.7,1080.0,81.0,5
Volkswagen Taigun,Volkswagen,Taigun,2016,2.55,147327,Diesel,Dealer,Manual,First Owner,20.2,1119.0,82.2,5
Kia Seltos,Kia,Seltos,2014,3.75,133042,Diesel,Individual,Manual,Second Owner,15.5,1519.0,102.9,7
Maruti Baleno,Maruti,Baleno,2022,5.12,81499,Diesel,Trustmark Dealer,Automatic,First Owner,20.2,918.0,65.3,7
Hyundai Verna,Hyundai,Verna,2016,2.91,111630,Diesel,Dealer,Manual,Third Owner,17.9,1169.0,76.1,5
Tata Nexon,Tata,Nexon,2015,2.02,109786,Diesel,Individual,Manual,Second Owner,22.0,800.0,50.5,5
Honda Jazz,Honda,Jazz,2024,7.54,54933,Petrol,Trustmark Dealer,Automatic,First Owner,18.7,1312.0,78.1,5
Hyundai Grand i10,Hyundai,Grand i10,2018,3.47,100479,Diesel,Dealer,Manual,First Owner,17.1,1280.0,88.2,5
Maruti Baleno,Maruti,Baleno,2020,3.71,122298,Diesel,Dealer,Manual,Third Owner,17.7,1478.0,95.9,5
Tata Harrier,Tata,Harrier,2015,1.88,111726,Petrol,Dealer,Automatic,Second Owner,19.7,800.0,55.7,5
Hyundai Verna,Hyundai,Verna,2015,2.41,118157,CNG,Individual,Manual,Second Owner,19.6,,82.6,7
Tata Harrier,Tata,Harrier,2021,3.86,58961,Petrol,Individual,Manual,First Owner,21.5,800.0,57.4,5
Maruti Swift,Maruti,Swift,2017,1.76,119765,Petrol,Individual,Manual,First Owner,23.6,1114.0,69.0,5
Hyundai Verna,Hyundai,Verna,2013,2.59,160066,CNG,Dealer,Manual,Second Owner,14.8,1719.0,107.4,7
Toyota Innova,Toyota,Innova,2022,8.18,107238,Petrol,Individual,Manual,First Owner,18.7,1088.0,81.4,5
Tata Harrier,Tata,Harrier,2017,1.88,108474,Petrol,Individual,Manual,Second Owner,19.3,800.0,50.8,5
Hyundai Creta,Hyundai,Creta,2020,4.21,97135,Petrol,Trustmark Dealer,Manual,Second Owner,17.6,962.0,69.6,5
Honda WR-V,Honda,WR-V,2016,3.44,107121,CNG,Individual,Automatic,First Owner,19.6,800.0,58.6,7
Volkswagen Polo,Volkswagen,Polo,2019,3.14,102616,Petrol,Dealer,Manual,First Owner,21.9,800.0,52.9,5
Tata Tiago,Tata,Tiago,2022,5.32,78407,Diesel,Individual,Manual,First Owner,18.5,1435.0,91.6,5
Toyota Innova,Toyota,Innova,2023,11.49,66281,Diesel,Individual,Manual,Second Owner,21.1,800.0,46.4,5
Mahindra XUV500,Mahindra,XUV500,2014,3.24,126530,Diesel,Individual,Automatic,First Owner,17.1,1309.0,87.9,5
Honda Amaze,Honda,Amaze,2020,5.26,94442,CNG,Individual,Manual,First Owner,17.3,1209.0,70.6,5
Kia Seltos,Kia,Seltos,2023,9.37,58528,Diesel,Individual,Automatic,Third Owner,17.5,1014.0,79.3,5
Volkswagen Polo,Volkswagen,Polo,2020,4.97,79165,Petrol,Individual,Manual,Second Owner,16.8,1280.0,84.7,5
Maruti Swift,Maruti,Swift,2013,2.36,167561,Electric,Dealer,Automatic,First Owner,,872.0,58.4,7
Tata Nexon,Tata,Nexon,2014,2.0,183132,Petrol,Individual,Manual,Second Owner,19.4,1494.0,106.5,5
Ford Figo,Ford,Figo,2014,2.13,97003,Petrol,Individual,Manual,First Owner,23.4,956.0,59.3,5
Mahindra Bolero,Mahindra,Bolero,2013,2.66,102291,Petrol,Individual,Manual,Third Owner,15.2,1065.0,67.6,5
Tata Tiago,Tata,Tiago,2021,3.77,56942,Diesel,Individual,Manual,Second Owner,19.9,1023.0,56.6,5
Maruti Dzire,Maruti,Dzire,2024,6.0,56227,Petrol,Individual,Automatic,First Owner,17.5,1441.0,104.7,5
Honda Amaze,Honda,Amaze,2018,3.74,117207,Diesel,Individual,Manual,First Owner,17.7,1391.0,106.5,5
Maruti Swift,Maruti,Swift,2019,2.75,104007,Petrol,Dealer,Manual,First Owner,19.4,800.0,45.6,5
Volkswagen Virtus,Volkswagen,Virtus,2022,5.48,75284,Petrol,Dealer,Manual,First Owner,19.9,1289.0,79.4,5
Honda Jazz,Honda,Jazz,2017,3.09,115636,Petrol,Dealer,Manual,First Owner,21.4,800.0,59.6,5
Ford EcoSport,Ford,EcoSport,2018,3.35,82274,Diesel,Dealer,Manual,First Owner,21.1,1081.0,70.3,5
Renault Kwid,Renault,Kwid,2019,3.29,85629,Petrol,Individual,Automatic,Third Owner,17.1,1162.0,78.7,5
Toyota Etios,Toyota,Etios,2015,4.56,116557,Petrol,Individual,Automatic,First Owner,16.3,1077.0,73.3,5
Toyota Innova,Toyota,Innova,2012,4.97,101647,Petrol,Individual,Manual,Second Owner,18.2,1375.0,93.9,5
Volkswagen Taigun,Volkswagen,Taigun,2019,4.63,65451,Petrol,Dealer,Automatic,First Owner,15.0,1452.0,87.2,5
Renault Duster,Renault,Duster,2022,4.73,46825,Diesel,Individual,Manual,First Owner,21.9,929.0,67.6,5
Renault Kiger,Renault,Kiger,2012,1.88,153310,Petrol,Individual,Manual,First Owner,15.7,917.0,56.5,5
Maruti Baleno,Maruti,Baleno,2014,1.92,128897,Petrol,Trustmark Dealer,Manual,First Owner,17.5,1187.0,77.0,7
Honda Amaze,Honda,Amaze,2015,2.47,130443,CNG,Individual,Manual,First Owner,19.3,800.0,,5
Hyundai Verna,Hyundai,Verna,2022,5.63,31027,Petrol,Individual,Manual,First Owner,18.6,1033.0,68.6,5
Renault Kiger,Renault,Kiger,2018,2.85,64861,Petrol,Trustmark Dealer,Manual,Second Owner,16.2,1672.0,102.4,5
Toyota Etios,Toyota,Etios,2018,6.64,112090,Diesel,Individual,Automatic,First Owner,21.3,800.0,66.5,5
Tata Harrier,Tata,Harrier,2020,4.7,23369,Diesel,Individual,Manual,First Owner,20.3,1081.0,74.0,5
Maruti Baleno,Maruti,Baleno,2015,1.83,143941,Diesel,Individual,Manual,Second Owner,21.0,993.0,70.6,5
Hyundai Creta,Hyundai,Creta,2021,5.85,37887,Petrol,Individual,Manual,First Owner,14.1,1902.0,119.4,7
Ford EcoSport,Ford,EcoSport,2012,2.17,155053,Petrol,Trustmark Dealer,Manual,First Owner,23.6,1012.0,53.6,7
Hyundai Creta,Hyundai,Creta,2013,2.84,110451,Petrol,Dealer,Automatic,First Owner,22.0,1032.0,55.8,5
Maruti Dzire,Maruti,Dzire,2022,4.03,94575,Petrol,Individual,Manual,First Owner,19.7,839.0,58.6,7
Kia Seltos,Kia,Seltos,2020,4.46,155079,Petrol,Individual,Manual,First Owner,18.0,1203.0,83.4,5
Volkswagen Polo,Volkswagen,Polo,2014,2.37,73490,Electric,Individual,Manual,First Owner,17.1,1295.0,84.3,5
Maruti Wagon R,Maruti,Wagon R,2017,2.3,119298,Diesel,Dealer,Automatic,First Owner,20.8,890.0,57.0,5
Hyundai Grand i10,Hyundai,Grand i10,2012,2.48,96720,Petrol,Individual,Manual,First Owner,14.5,1546.0,98.1,5
Mahindra Thar,Mahindra,Thar,2020,4.67,93888,Petrol,Individual,Automatic,First Owner,16.2,1295.0,83.6,7
Ford Endeavour,Ford,Endeavour,2021,4.7,73451,Diesel,Dealer,Manual,Third Owner,12.3,1498.0,103.6,7
Toyota Etios,Toyota,Etios,2015,4.4,119855,Petrol,Dealer,Manual,First Owner,18.2,1085.0,80.5,7
Hyundai Creta,Hyundai,Creta,2016,2.73,90442,Petrol,Trustmark Dealer,Manual,First Owner,20.0,1285.0,81.2,5
Hyundai Creta,Hyundai,Creta,2015,2.6,134171,Petrol,Dealer,Manual,Second Owner,18.4,1125.0,76.5,5
Maruti Baleno,Maruti,Baleno,2017,2.4,72136,Diesel,Individual,Manual,First Owner,15.3,1710.0,111.3,5
Ford EcoSport,Ford,EcoSport,2015,2.21,144316,Diesel,Dealer,Manual,First Owner,,1241.0,86.7,5
Maruti Baleno,Maruti,Baleno,2015,2.07,107996,Petrol,Trustmark Dealer,Manual,Second Owner,16.3,1203.0,94.4,7
Maruti Swift,Maruti,Swift,2017,2.23,73140,Petrol,Individual,Manual,Second Owner,19.3,1040.0,72.0,5
Ford Endeavour,Ford,Endeavour,2023,5.68,100088,Diesel,Individual,Manual,First Owner,21.1,1019.0,80.4,5
Mahindra Thar,Mahindra,Thar,2021,5.9,76518,Diesel,Individual,Manual,First Owner,18.5,1283.0,76.3,5
Volkswagen Virtus,Volkswagen,Virtus,2015,2.65,158967,Diesel,Trustmark Dealer,Manual,Third Owner,18.7,1487.0,91.7,5
Tata Tiago,Tata,Tiago,2024,5.21,85369,Petrol,Trustmark Dealer,Manual,First Owner,22.2,960.0,50.7,5
Honda Amaze,Honda,Amaze,2014,3.14,105940,Diesel,Dealer,Manual,Second Owner,19.4,1244.0,84.6,5
Tata Tiago,Tata,Tiago,2023,6.27,63130,CNG,Individual,Automatic,First Owner,16.6,1264.0,,5
Hyundai Grand i10,Hyundai,Grand i10,2016,2.65,113162,Diesel,Trustmark Dealer,Manual,First Owner,17.0,1325.0,67.4,7
Honda Jazz,Honda,Jazz,2019,4.24,124578,Petrol,Individual,Manual,Second Owner,24.4,800.0,60.5,5
Tata Nexon,Tata,Nexon,2014,2.01,133125,Diesel,Individual,Manual,Third Owner,20.8,876.0,68.0,5
Toyota Glanza,Toyota,Glanza,2021,8.4,81878,Petrol,Dealer,Automatic,First Owner,20.9,800.0,63.4,5
Kia Seltos,Kia,Seltos,2016,3.33,106102,Petrol,Dealer,Manual,First Owner,16.5,1212.0,72.1,5
Mahindra Scorpio,Mahindra,Scorpio,2023,7.09,63887,Petrol,Dealer,Manual,Second Owner,19.9,885.0,69.9,5
Maruti Wagon R,Maruti,Wagon R,2013,1.92,158701,CNG,Individual,Manual,First Owner,20.7,1026.0,71.5,7
Tata Tiago,Tata,Tiago,2018,2.6,97581,Petrol,Individual,Manual,Second Owner,20.6,800.0,63.7,5
Maruti Dzire,Maruti,Dzire,2014,2.63,114810,CNG,Individual,Automatic,First Owner,18.1,,72.2,7
Hyundai Grand i10,Hyundai,Grand i10,2023,5.87,52580,Petrol,Individual,Manual,First Owner,19.9,807.0,62.4,5
Hyundai Creta,Hyundai,Creta,2017,2.92,91817,Petrol,Dealer,Manual,Second Owner,19.2,1465.0,104.4,5
Maruti Swift,Maruti,Swift,2020,3.49,53653,Petrol,Individual,Manual,Third Owner,18.7,1368.0,88.6,5
Volkswagen Virtus,Volkswagen,Virtus,2023,7.37,48491,Diesel,Individual,Automatic,First Owner,19.1,1253.0,86.2,5
Honda WR-V,Honda,WR-V,2018,3.4,130465,Petrol,Individual,Automatic,Second Owner,19.8,,85.2,5
Kia Sonet,Kia,Sonet,2012,3.98,131954,Petrol,Dealer,Automatic,First Owner,18.2,800.0,57.9,5
Maruti Wagon R,Maruti,Wagon R,2014,1.85,138997,Petrol,Dealer,Automatic,First Owner,19.8,1040.0,63.2,5
Maruti Dzire,Maruti,Dzire,2014,1.93,68967,Petrol,Individual,Automatic,First Owner,22.0,933.0,71.7,5
Tata Nexon,Tata,Nexon,2023,4.89,77502,Petrol,Individual,Manual,Second Owner,17.3,1287.0,97.3,5
Maruti Dzire,Maruti,Dzire,2023,5.29,61450,Petrol,Trustmark Dealer,Manual,First Owner,19.1,1417.0,103.2,5
Hyundai Verna,Hyundai,Verna,2018,3.7,86908,Petrol,Individual,Manual,First Owner,18.8,1314.0,93.0,5
Mahindra XUV500,Mahindra,XUV500,2023,6.69,68981,Electric,Individual,Manual,Second Owner,17.5,1642.0,86.6,5
Hyundai i20,Hyundai,i20,2015,2.71,106091,Petrol,Individual,Manual,First Owner,19.5,1001.0,65.0,5
Maruti Wagon R,Maruti,Wagon R,2020,2.95,37774,Petrol,Trustmark Dealer,Manual,First Owner,21.3,987.0,64.6,5
Honda Amaze,Honda,Amaze,2017,2.84,124289,Petrol,Dealer,Manual,First Owner,13.4,1563.0,101.3,5
Honda Jazz,Honda,Jazz,2015,2.44,122346,Petrol,Individual,Manual,Second Owner,18.1,1258.0,97.7,5
Toyota Etios,Toyota,Etios,2015,4.63,110093,Diesel,Individual,Manual,First Owner,20.2,1114.0,67.6,5
Tata Tiago,Tata,Tiago,2017,2.7,82743,Petrol,Individual,Manual,Second Owner,15.3,1846.0,134.5,5
Renault Triber,Renault,Triber,2016,2.38,78163,Petrol,Individual,Manual,First Owner,19.4,1402.0,89.1,5
Maruti Wagon R,Maruti,Wagon R,2014,1.89,128425,Diesel,Individual,Manual,First Owner,18.4,1133.0,71.2,5
Tata Altroz,Tata,Altroz,2016,2.06,145995,Petrol,Individual,Manual,Second Owner,18.6,960.0,74.6,5
Ford Figo,Ford,Figo,2013,2.08,134469,CNG,Individual,Manual,First Owner,12.5,1664.0,113.9,5
Renault Triber,Renault,Triber,2024,6.14,28079,Electric,Individual,Manual,First Owner,17.4,1272.0,90.2,5
Tata Tiago,Tata,Tiago,2016,2.62,115452,Petrol,Individual,Automatic,First Owner,19.3,1209.0,75.3,7
Honda Jazz,Honda,Jazz,2013,2.75,128826,Petrol,Individual,Manual,First Owner,18.5,1437.0,98.1,5
Maruti Wagon R,Maruti,Wagon R,2019,2.83,110008,Petrol,Dealer,Manual,First Owner,13.8,1508.0,89.7,5
Maruti Baleno,Maruti,Baleno,2023,5.51,78348,Petrol,Individual,Automatic,Third Owner,19.6,1392.0,85.2,5
Maruti Wagon R,Maruti,Wagon R,2016,2.13,44811,Petrol,Dealer,Automatic,First Owner,14.7,1509.0,97.2,5
Ford Endeavour,Ford,Endeavour,2022,5.7,83495,Diesel,Trustmark Dealer,Manual,First Owner,17.2,1358.0,83.1,5
Hyundai Verna,Hyundai,Verna,2019,3.65,68923,Petrol,Trustmark Dealer,Manual,First Owner,16.1,1394.0,100.1,5
Ford Figo,Ford,Figo,2021,5.4,46721,Petrol,Individual,Manual,First Owner,20.6,944.0,62.3,5
Maruti Baleno,Maruti,Baleno,2015,2.05,112853,Petrol,Individual,Manual,First Owner,15.0,1834.0,114.1,5
Renault Duster,Renault,Duster,2012,2.37,145541,Electric,Dealer,Manual,Third Owner,21.9,800.0,52.0,5
Renault Duster,Renault,Duster,2016,2.32,74403,CNG,Individual,Automatic,First Owner,21.4,1308.0,95.2,7
Maruti Baleno,Maruti,Baleno,2024,6.27,74000,Petrol,Individual,Automatic,Second Owner,21.4,800.0,53.7,7
Maruti Swift,Maruti,Swift,2022,4.98,88293,Diesel,Individual,Manual,First Owner,17.4,1166.0,88.3,5
Maruti Wagon R,Maruti,Wagon R,2022,4.31,72533,Petrol,Dealer,Manual,First Owner,20.4,1000.0,,7
Renault Kiger,Renault,Kiger,2023,6.52,45912,Diesel,Dealer,Automatic,Second Owner,22.0,1248.0,80.1,5
Hyundai i20,Hyundai,i20,2016,3.01,88953,Diesel,Individual,Automatic,First Owner,,1320.0,87.8,5
Honda Jazz,Honda,Jazz,2016,2.54,133070,CNG,Trustmark Dealer,Automatic,Second Owner,,865.0,58.8,5
Tata Tiago,Tata,Tiago,2024,6.67,25253,Petrol,Dealer,Manual,Second Owner,15.2,1190.0,84.8,5
Volkswagen Virtus,Volkswagen,Virtus,2019,3.48,114418,Petrol,Individual,Manual,Second Owner,16.4,1688.0,106.3,5
Honda WR-V,Honda,WR-V,2015,3.71,113365,Electric,Individual,Automatic,First Owner,20.0,800.0,55.7,5
Honda Amaze,Honda,Amaze,2015,3.18,114891,Petrol,Individual,Automatic,First Owner,18.6,901.0,64.9,5
Mahindra Bolero,Mahindra,Bolero,2023,7.52,27422,Petrol,Trustmark Dealer,Manual,First Owner,16.6,,84.9,7
Maruti Dzire,Maruti,Dzire,2012,1.97,133272,Diesel,Dealer,Manual,Third Owner,18.4,1227.0,81.9,5
Renault Triber,Renault,Triber,2012,2.22,149998,Diesel,Dealer,Manual,First Owner,,1253.0,89.1,5
Maruti Baleno,Maruti,Baleno,2021,4.27,48598,Diesel,Dealer,Manual,First Owner,,1558.0,101.8,5
Tata Tiago,Tata,Tiago,2012,2.33,147469,Diesel,Individual,Automatic,First Owner,19.5,922.0,73.3,7
Kia Sonet,Kia,Sonet,2014,3.13,125458,Diesel,Trustmark Dealer,Manual,First Owner,20.7,1018.0,68.0,5
Ford Endeavour,Ford,Endeavour,2024,6.91,44337,Petrol,Trustmark Dealer,Manual,First Owner,20.0,975.0,65.0,5
Ford Aspire,Ford,Aspire,2017,2.64,122802,Diesel,Dealer,Manual,First Owner,19.8,1078.0,65.4,5
Hyundai Grand i10,Hyundai,Grand i10,2021,7.01,29550,Diesel,Individual,Manual,First Owner,17.7,1669.0,103.5,5
Tata Harrier,Tata,Harrier,2018,3.07,105126,CNG,Individual,Automatic,Second Owner,21.7,800.0,74.7,5
Tata Nexon,Tata,Nexon,2013,2.05,165627,Petrol,Individual,Manual,First Owner,20.5,800.0,61.2,5
Honda WR-V,Honda,WR-V,2014,2.52,155178,Petrol,Individual,Manual,First Owner,16.4,800.0,54.3,5
Tata Altroz,Tata,Altroz,2021,5.3,86575,Diesel,Dealer,Automatic,First Owner,16.6,1691.0,100.0,7
Hyundai Verna,Hyundai,Verna,2013,2.27,123363,Petrol,Dealer,Manual,First Owner,17.7,985.0,56.4,5
Hyundai Verna,Hyundai,Verna,2019,3.85,77012,Petrol,Trustmark Dealer,Manual,First Owner,18.8,1086.0,68.1,5
Hyundai i20,Hyundai,i20,2016,2.86,103835,Diesel,Individual,Manual,First Owner,21.3,800.0,65.1,5
Tata Harrier,Tata,Harrier,2016,2.12,122463,Petrol,Individual,Manual,First Owner,21.5,1108.0,72.5,5
Maruti Baleno,Maruti,Baleno,2024,5.6,40740,Petrol,Individual,Manual,Second Owner,20.3,1503.0,90.0,5
Kia Sonet,Kia,Sonet,2019,5.16,107663,Petrol,Trustmark Dealer,Manual,First Owner,16.0,1289.0,79.1,7
Toyota Glanza,Toyota,Glanza,2019,5.95,137929,Petrol,Dealer,Manual,First Owner,15.9,1162.0,84.1,5
Maruti Wagon R,Maruti,Wagon R,2016,2.17,109138,Diesel,Individual,Manual,First Owner,21.2,800.0,58.3,5
Ford Figo,Ford,Figo,2016,2.45,80923,Petrol,Individual,Manual,First Owner,19.5,1085.0,69.7,5
Renault Kwid,Renault,Kwid,2020,3.31,54915,Petrol,Individual,Manual,First Owner,15.6,1251.0,81.3,5
Hyundai Verna,Hyundai,Verna,2012,2.32,153584,Petrol,Individual,Manual,First Owner,20.2,853.0,79.6,5
Maruti Wagon R,Maruti,Wagon R,2015,1.81,115685,Petrol,Individual,Manual,First Owner,18.3,1429.0,103.4,5
Maruti Swift,Maruti,Swift,2019,2.36,110290,Petrol,Individual,Manual,First Owner,14.2,1510.0,109.8,5
Maruti Dzire,Maruti,Dzire,2020,3.59,72760,Petrol,Individual,Automatic,Second Owner,17.4,1015.0,56.8,5
Volkswagen Vento,Volkswagen,Vento,2013,2.46,148273,Petrol,Individual,Manual,First Owner,15.6,1454.0,93.8,5
Mahindra XUV500,Mahindra,XUV500,2022,6.78,68017,Petrol,Individual,Manual,First Owner,18.1,1162.0,,5
Maruti Dzire,Maruti,Dzire,2019,2.74,74884,Petrol,Dealer,Manual,First Owner,17.5,1601.0,107.4,5
Volkswagen Taigun,Volkswagen,Taigun,2015,2.69,108178,Petrol,Individual,Manual,First Owner,13.7,1912.0,128.6,5
Maruti Dzire,Maruti,Dzire,2021,4.18,51664,Petrol,Individual,Manual,Second Owner,20.6,817.0,62.5,5
Toyota Innova,Toyota,Innova,2024,9.87,102265,Petrol,Trustmark Dealer,Manual,First Owner,21.3,1469.0,88.8,7
Volkswagen Vento,Volkswagen,Vento,2017,2.9,101879,Petrol,Individual,Manual,First Owner,13.9,1657.0,100.8,5
Hyundai i20,Hyundai,i20,2015,3.03,131179,Petrol,Dealer,Automatic,Third Owner,18.9,860.0,67.3,5
Maruti Swift,Maruti,Swift,2015,1.64,105188,Petrol,Individual,Manual,First Owner,20.8,999.0,75.7,5
Toyota Fortuner,Toyota,Fortuner,2019,6.88,67857,Diesel,Dealer,Manual,First Owner,21.4,995.0,70.9,5
Mahindra Bolero,Mahindra,Bolero,2012,3.34,131354,Petrol,Individual,Automatic,First Owner,19.4,1154.0,79.5,5
Hyundai Creta,Hyundai,Creta,2018,3.19,121726,Diesel,Individual,Manual,Third Owner,22.6,1075.0,74.5,7
Maruti Swift,Maruti,Swift,2012,2.18,125043,Diesel,Individual,Manual,First Owner,19.4,1131.0,79.4,5
Maruti Swift,Maruti,Swift,2012,2.03,117348,Petrol,Dealer,Manual,First Owner,12.8,1493.0,102.8,5
Honda WR-V,Honda,WR-V,2017,3.24,107420,Petrol,Dealer,Manual,First Owner,20.7,800.0,64.0,5
Toyota Etios,Toyota,Etios,2021,9.01,88978,Petrol,Dealer,Automatic,First Owner,19.1,859.0,62.4,7
Volkswagen Vento,Volkswagen,Vento,2023,6.75,101142,Petrol,Individual,Manual,First Owner,19.8,1434.0,93.5,5
Volkswagen Taigun,Volkswagen,Taigun,2013,2.52,137782,Petrol,Dealer,Manual,First Owner,19.2,1393.0,90.9,7
Kia Sonet,Kia,Sonet,2015,3.26,131167,Petrol,Individual,Automatic,First Owner,17.2,830.0,54.4,5
Volkswagen Vento,Volkswagen,Vento,2017,2.66,119824,Diesel,Individual,Manual,First Owner,19.9,1396.0,85.4,7
Hyundai Grand i10,Hyundai,Grand i10,2019,4.42,65633,Petrol,Individual,Manual,First Owner,17.6,1664.0,110.9,5
Honda Jazz,Honda,Jazz,2024,8.4,37306,Diesel,Individual,Manual,Second Owner,17.8,1183.0,74.4,7
Hyundai Grand i10,Hyundai,Grand i10,2020,4.63,60654,Diesel,Dealer,Manual,Second Owner,20.1,847.0,68.1,7
Hyundai Creta,Hyundai,Creta,2018,3.98,68192,Petrol,Individual,Manual,Second Owner,19.4,1506.0,97.4,7
Kia Sonet,Kia,Sonet,2012,3.28,154000,CNG,Individual,Manual,Third Owner,11.0,1803.0,120.7,7
Ford Aspire,Ford,Aspire,2013,2.71,136381,Electric,Trustmark Dealer,Manual,First Owner,20.9,890.0,69.0,5
Mahindra Thar,Mahindra,Thar,2013,2.89,131748,Petrol,Dealer,Manual,Second Owner,20.4,1214.0,88.5,5
Tata Nexon,Tata,Nexon,2020,3.81,27460,Petrol,Individual,Manual,First Owner,16.0,1582.0,98.2,5
Honda Amaze,Honda,Amaze,2016,2.75,155720,Petrol,Trustmark Dealer,Automatic,Second Owner,19.4,1240.0,86.5,5
Honda WR-V,Honda,WR-V,2015,3.27,97326,Petrol,Individual,Manual,First Owner,20.8,800.0,64.9,5
Maruti Baleno,Maruti,Baleno,2020,3.11,129639,Petrol,Dealer,Automatic,First Owner,15.9,1355.0,77.1,5
Hyundai Verna,Hyundai,Verna,2022,6.12,39616,Petrol,Individual,Manual,First Owner,18.6,857.0,75.7,5
Honda WR-V,Honda,WR-V,2017,2.97,86127,Petrol,Individual,Automatic,Second Owner,22.0,800.0,77.1,5
Maruti Swift,Maruti,Swift,2023,5.26,16537,Diesel,Trustmark Dealer,Automatic,Second Owner,19.3,800.0,66.6,7
Kia Seltos,Kia,Seltos,2021,6.14,85966,Petrol,Individual,Manual,Second Owner,13.0,1617.0,,5
Maruti Dzire,Maruti,Dzire,2021,4.13,53772,Petrol,Dealer,Manual,First Owner,20.2,908.0,69.7,5
Maruti Dzire,Maruti,Dzire,2023,4.93,41393,Petrol,Individual,Automatic,First Owner,16.7,1317.0,84.8,7
Volkswagen Virtus,Volkswagen,Virtus,2014,3.38,93304,Diesel,Individual,Automatic,Third Owner,14.8,1403.0,91.3,5
Maruti Wagon R,Maruti,Wagon R,2021,3.69,95101,Diesel,Trustmark Dealer,Manual,First Owner,18.2,1257.0,91.9,5
Kia Seltos,Kia,Seltos,2024,10.1,74152,Petrol,Individual,Automatic,First Owner,19.3,1304.0,78.9,5
Ford Aspire,Ford,Aspire,2024,6.47,98364,Diesel,Dealer,Manual,First Owner,17.6,1333.0,79.8,5
Maruti Swift,Maruti,Swift,2019,2.56,75914,Petrol,Dealer,Manual,First Owner,15.9,1248.0,80.5,5
Ford EcoSport,Ford,EcoSport,2021,4.9,82814,Diesel,Individual,Manual,Second Owner,20.8,934.0,71.6,5
Toyota Etios,Toyota,Etios,2023,12.2,36634,Diesel,Individual,Automatic,First Owner,22.1,903.0,57.7,5
Volkswagen Vento,Volkswagen,Vento,2023,6.79,57629,Petrol,Individual,Manual,Second Owner,23.0,1163.0,77.2,7
Renault Kiger,Renault,Kiger,2023,4.94,53585,Diesel,Individual,Manual,Second Owner,21.5,1156.0,77.7,7
Ford Aspire,Ford,Aspire,2022,4.8,81717,CNG,Individual,Manual,First Owner,15.5,1350.0,81.2,5
Toyota Glanza,Toyota,Glanza,2016,4.43,132874,Diesel,Individual,Manual,First Owner,17.9,1586.0,82.7,7
Hyundai Grand i10,Hyundai,Grand i10,2021,5.34,99803,Petrol,Dealer,Manual,First Owner,18.2,1320.0,79.4,5
Ford Endeavour,Ford,Endeavour,2017,2.61,85458,Diesel,Individual,Manual,First Owner,17.6,916.0,67.5,5
Mahindra Thar,Mahindra,Thar,2022,5.91,93466,Petrol,Dealer,Automatic,First Owner,21.1,800.0,62.9,5
Toyota Glanza,Toyota,Glanza,2022,9.2,70530,Diesel,Individual,Manual,Second Owner,23.7,931.0,70.2,5
Ford Figo,Ford,Figo,2024,6.12,51358,Diesel,Individual,Manual,First Owner,22.9,800.0,63.9,5
Tata Altroz,Tata,Altroz,2019,3.49,75412,Petrol,Individual,Manual,First Owner,17.7,944.0,61.9,7
Volkswagen Taigun,Volkswagen,Taigun,2018,3.05,85181,Petrol,Individual,Manual,Second Owner,17.9,1285.0,79.0,5
Mahindra Thar,Mahindra,Thar,2014,2.85,161830,Petrol,Dealer,Manual,Third Owner,19.2,1230.0,85.7,5
Maruti Baleno,Maruti,Baleno,2020,3.41,91263,Petrol,Individual,Manual,First Owner,11.3,1850.0,115.1,5
Hyundai Creta,Hyundai,Creta,2019,4.17,94841,Petrol,Dealer,Manual,First Owner,14.0,1369.0,97.6,5
Honda Amaze,Honda,Amaze,2018,2.92,91730,Petrol,Dealer,Manual,First Owner,14.9,1868.0,120.8,5
Honda WR-V,Honda,WR-V,2020,3.93,138311,Diesel,Individual,Manual,First Owner,17.3,1450.0,105.0,5
Honda Jazz,Honda,Jazz,2023,7.71,93710,Petrol,Dealer,Automatic,First Owner,12.5,1580.0,98.2,5
Maruti Baleno,Maruti,Baleno,2013,1.8,114136,Petrol,Trustmark Dealer,Manual,First Owner,19.8,1074.0,82.6,5
Tata Harrier,Tata,Harrier,2017,2.23,97980,Diesel,Individual,Manual,First Owner,22.6,824.0,76.6,5
Toyota Etios,Toyota,Etios,2021,7.97,73286,Petrol,Trustmark Dealer,Manual,First Owner,18.8,1043.0,72.8,7
Toyota Etios,Toyota,Etios,2022,9.21,74709,Petrol,Individual,Manual,First Owner,18.5,1196.0,84.8,5
Toyota Etios,Toyota,Etios,2022,9.46,56073,Diesel,Dealer,Manual,Second Owner,20.7,980.0,61.5,7
Ford EcoSport,Ford,EcoSport,2022,6.07,81153,Electric,Individual,Manual,First Owner,21.2,850.0,,7
Toyota Innova,Toyota,Innova,2023,10.42,96945,Diesel,Dealer,Manual,First Owner,14.2,1346.0,98.1,5
Volkswagen Virtus,Volkswagen,Virtus,2024,7.11,29600,Petrol,Dealer,Manual,First Owner,18.5,848.0,57.7,5
Toyota Etios,Toyota,Etios,2019,7.07,66180,Petrol,Trustmark Dealer,Manual,Third Owner,19.8,800.0,63.7,5
Honda WR-V,Honda,WR-V,2015,3.1,106370,Electric,Trustmark Dealer,Manual,First Owner,18.8,807.0,61.6,7
Toyota Glanza,Toyota,Glanza,2019,7.27,81390,Diesel,Individual,Automatic,First Owner,21.7,1118.0,79.6,5
Maruti Baleno,Maruti,Baleno,2021,3.84,121966,Diesel,Dealer,Manual,First Owner,21.5,853.0,68.4,5
Hyundai Creta,Hyundai,Creta,2013,2.61,152037,Diesel,Individual,Manual,Second Owner,16.6,1120.0,80.8,5
Honda WR-V,Honda,WR-V,2021,4.79,98775,Petrol,Individual,Manual,First Owner,16.7,1410.0,91.4,5
Kia Seltos,Kia,Seltos,2019,5.36,85183,Petrol,Individual,Manual,First Owner,19.5,1401.0,98.7,5
Ford Aspire,Ford,Aspire,2024,6.96,52201,Diesel,Trustmark Dealer,Manual,Second Owner,18.3,969.0,77.2,5
Maruti Swift,Maruti,Swift,2014,1.85,91562,CNG,Dealer,Manual,First Owner,22.3,800.0,54.6,5
Toyota Fortuner,Toyota,Fortuner,2023,9.25,82198,Petrol,Individual,Manual,First Owner,22.2,999.0,69.9,7
Hyundai Creta,Hyundai,Creta,2017,2.5,114803,Diesel,Trustmark Dealer,Manual,First Owner,19.5,1429.0,79.4,5
Ford Endeavour,Ford,Endeavour,2019,2.68,119291,Petrol,Dealer,Manual,Third Owner,17.0,1511.0,102.8,5
Renault Duster,Renault,Duster,2020,4.07,79861,Electric,Individual,Manual,Second Owner,20.1,1324.0,97.6,7
Toyota Glanza,Toyota,Glanza,2019,6.43,87880,Petrol,Individual,Manual,First Owner,14.9,1621.0,102.1,5
Toyota Glanza,Toyota,Glanza,2023,10.81,68741,Diesel,Dealer,Automatic,Second Owner,19.9,1805.0,115.3,7
Hyundai Verna,Hyundai,Verna,2014,2.66,143121,Petrol,Dealer,Manual,Second Owner,19.8,1031.0,69.9,5
Tata Tiago,Tata,Tiago,2021,4.95,45655,Diesel,Individual,Automatic,First Owner,17.7,1720.0,106.5,5
Renault Kwid,Renault,Kwid,2024,6.64,74693,Diesel,Individual,Automatic,First Owner,18.1,1109.0,77.9,5
Ford Aspire,Ford,Aspire,2014,2.46,123049,Petrol,Individual,Manual,First Owner,17.3,1557.0,94.4,5
Honda Jazz,Honda,Jazz,2015,3.49,93709,Diesel,Individual,Manual,First Owner,18.0,1448.0,92.8,7
Tata Nexon,Tata,Nexon,2018,3.45,51638,CNG,Individual,Automatic,First Owner,18.7,800.0,51.8,5
Maruti Dzire,Maruti,Dzire,2021,3.28,74997,CNG,Individual,Manual,Second Owner,18.3,862.0,67.1,5
Maruti Swift,Maruti,Swift,2024,5.16,90349,Petrol,Individual,Manual,First Owner,20.1,800.0,60.9,5
Maruti Wagon R,Maruti,Wagon R,2022,4.59,108343,Diesel,Dealer,Manual,First Owner,22.8,800.0,55.6,5
Tata Harrier,Tata,Harrier,2022,4.4,79318,Diesel,Individual,Manual,First Owner,13.0,1508.0,98.2,5
Mahindra Bolero,Mahindra,Bolero,2017,3.56,147164,Diesel,Individual,Automatic,First Owner,13.6,1924.0,119.1,5
Honda Amaze,Honda,Amaze,2020,5.52,83555,Petrol,Individual,Automatic,First Owner,21.5,1110.0,85.2,7
Hyundai i20,Hyundai,i20,2014,2.77,144472,Diesel,Trustmark Dealer,Automatic,First Owner,14.2,1499.0,93.9,5
Maruti Dzire,Maruti,Dzire,2018,2.28,87572,Petrol,Individual,Automatic,First Owner,18.0,,114.7,7
Hyundai Grand i10,Hyundai,Grand i10,2014,2.49,112178,Petrol,Individual,Manual,First Owner,15.7,1273.0,79.4,5
Renault Kiger,Renault,Kiger,2012,1.96,121594,Petrol,Individual,Manual,First Owner,16.6,1191.0,87.0,5
Tata Altroz,Tata,Altroz,2023,7.17,19668,Petrol,Dealer,Automatic,Second Owner,18.5,1114.0,84.6,5
Volkswagen Vento,Volkswagen,Vento,2022,5.9,99816,Petrol,Individual,Automatic,First Owner,21.0,1388.0,100.0,5
Volkswagen Virtus,Volkswagen,Virtus,2018,3.65,83384,Petrol,Individual,Automatic,First Owner,15.4,1506.0,109.6,5
Maruti Baleno,Maruti,Baleno,2012,2.1,118868,Diesel,Dealer,Automatic,First Owner,14.0,1362.0,92.2,7
Toyota Fortuner,Toyota,Fortuner,2013,4.38,104040,Petrol,Dealer,Manual,First Owner,14.7,1350.0,99.2,5
Mahindra Bolero,Mahindra,Bolero,2013,2.85,125504,Petrol,Individual,Manual,First Owner,20.3,1182.0,93.0,5
Tata Tiago,Tata,Tiago,2021,4.31,116796,Diesel,Individual,Automatic,First Owner,17.8,800.0,50.0,5
Maruti Swift,Maruti,Swift,2014,1.78,169563,CNG,Trustmark Dealer,Manual,First Owner,19.0,1514.0,93.4,5
Kia Seltos,Kia,Seltos,2015,3.44,80460,CNG,Trustmark Dealer,Manual,Third Owner,20.7,800.0,47.0,5
Kia EV6,Kia,EV6,2023,7.27,57202,Diesel,Dealer,Manual,First Owner,17.1,1417.0,101.4,5
Honda WR-V,Honda,WR-V,2023,8.25,42244,Electric,Dealer,Manual,Second Owner,17.5,1465.0,83.5,5
Honda WR-V,Honda,WR-V,2021,5.44,99743,Diesel,Dealer,Manual,Second Owner,18.9,801.0,45.0,7
Hyundai Grand i10,Hyundai,Grand i10,2016,2.91,116805,Electric,Trustmark Dealer,Manual,Second Owner,19.8,987.0,60.5,5
Renault Kwid,Renault,Kwid,2019,3.14,76995,CNG,Individual,Manual,First Owner,11.8,1943.0,108.0,5
Honda Amaze,Honda,Amaze,2014,2.64,125096,Petrol,Trustmark Dealer,Manual,Third Owner,21.2,1172.0,81.6,7
Volkswagen Taigun,Volkswagen,Taigun,2014,2.91,130424,Petrol,Individual,Automatic,First Owner,16.4,1153.0,68.7,7
Tata Altroz,Tata,Altroz,2012,2.36,132785,Diesel,Dealer,Automatic,First Owner,16.5,930.0,72.6,5
Renault Duster,Renault,Duster,2020,4.2,49697,Petrol,Individual,Automatic,Second Owner,20.0,,57.4,5
Ford EcoSport,Ford,EcoSport,2020,5.13,84710,Diesel,Dealer,Automatic,First Owner,17.7,1317.0,,5
Maruti Swift,Maruti,Swift,2022,4.49,47287,Petrol,Trustmark Dealer,Manual,First Owner,15.4,1051.0,77.0,5
Mahindra Bolero,Mahindra,Bolero,2024,7.71,20343,Petrol,Trustmark Dealer,Manual,First Owner,19.1,800.0,51.7,5
Volkswagen Virtus,Volkswagen,Virtus,2018,3.78,100511,CNG,Individual,Manual,First Owner,13.2,2091.0,132.6,5
Volkswagen Taigun,Volkswagen,Taigun,2022,6.13,82233,Petrol,Dealer,Automatic,Second Owner,17.7,1187.0,73.8,5
Maruti Swift,Maruti,Swift,2021,5.41,89587,Diesel,Individual,Automatic,First Owner,19.8,821.0,65.8,5
Tata Harrier,Tata,Harrier,2015,2.04,129477,Petrol,Dealer,Automatic,First Owner,22.0,966.0,69.6,7
Tata Nexon,Tata,Nexon,2022,5.08,28983,Diesel,Individual,Automatic,Second Owner,23.0,1139.0,56.9,5
Kia Sonet,Kia,Sonet,2012,4.42,106557,Diesel,Dealer,Automatic,First Owner,18.0,1139.0,80.7,7
